Workbook

Sheet 공구영수증
B7: 문서번호 | C7: W-20260511-1 | F7: 주식회사 우프컴퍼니 (314-87-00725)
B8: 날짜 | C8: =today() -> 46153 | F8: 서울 용산구 한남대로8길 6-17, 1F
B9: 문서제목 | C9: 영이공구 (2026.04) 판매 내역 정산 | F9: 대표자명 | G9: 이교영 (인)
B10: 수신 | C10: 안진양 대표님 (영이공구) | F10: team@wooof.co.kr
B13: 1. 귀사의 무궁한 발전과 건승을 기원합니다.
B14: 2. 아래와 같이 판매의 내역을 공유드리며, 확인 후 이상이 없으신 경우 지급처리를 위한 전자계산서 발행을 요청드립니다.
D16: - 아 래 -
B18: 품목 | C18: 세부항목 | E18: 진행기간 | F18: 판매금액 | G18: 공구수수료 | H18: 합계
B19: 4월 판매액 | C19: 베럴즈 아웃도어대전 카시트 및 스텝온옵션 | E19: 4/9 - 4/19 | F19: ='판매내역집계'!F21+'판매내역집계'!F59 -> 4837800 | G19: 0.2 | H19: =F19*G19 -> 967560
C20: 베럴즈 아웃도어대전 산책용품 (목줄/리쉬) | E20: 4/9 - 4/19 | F20: ='판매내역집계'!F47+'판매내역집계'!F34 -> 3238200 | G20: 0.2 | H20: =F20*G20 -> 647640
C21: 베럴즈 아웃도어대전 이케코백 | E21: 4/9 - 4/19 | F21: ='판매내역집계'!F54 -> 5349750 | G21: 0.2 | H21: =F21*G21 -> 1069950
C22: 베럴즈 아웃도어대전 포포타올 | E22: 4/9 - 진행중 | F22: ='판매내역집계'!F57 -> 2767420 | G22: 0.2 | H22: =F22*G22 -> 553484
C23: 콘디 냉감블랭킷 공구 | E23: 4/3 - 진행중 | F23: ='판매내역집계'!F15 -> 35464900 | G23: 0.2 | H23: =F23*G23 -> 7092980
C24: 도톤 아웃도어 스프레이 공구 | E24: 4/13 - 진행중 | F24: ='판매내역집계'!F63 -> 3680500 | G24: 0.2 | H24: =F24*G24 -> 736100
C25: 합계 | F25: =SUM(F19:F24) -> 55338570 | H25: =SUM(H19:H24) -> 11067714
B27: 품목 | C27: 세부항목 | F27: 지출광고비 | G27: 부담비용 | H27: 합계
B28: 4월 광고비 정산 | C28: 카시트 광고비 | F28: 395313 | G28: 0.5 | H28: =F28*G28 -> 197656.5
C29: 포포타올 광고비 | F29: 264859 | G29: 0.5 | H29: =F29*G29 -> 132429.5
C30: 합계 | F30: =SUM(F28) -> 395313 | H30: =SUM(H28:H29) -> 330086
F32: 판매수수료 합계 | H32: =H25 -> 11067714
F33: 광고비 공제(-) | H33: =H30 -> 330086
E35: 총 합계액 (부가세 포함) | H35: =H32-H33 -> 10737628
B37: * 4/1-4/30 배송완료 내역 및 구매확정(스마트스토어) 내역 기준입니다.
B38: * 4/30 일 기준으로 매출 세금계산서 정발행해 주시면 익월 15일 까지 지정된 계좌로 지급 예정입니다.

Sheet 판매내역집계
A1: 202604 | B1: 영이공구 판매내역 집계
B2: 스마트스토어 : 4/1-4/30 [구매확정] 기준 집계
B3: 우프자사몰 : 4/1-4/30 [배송완료] 기준 집계
A5: 제품 | B5: 구매옵션 | C5: 정상가 | D5: 공구판매가 | E5: 판매수량 | F5: 공구매출계 | G5: 공구수수료
A6: 콘디 | B6: 블루화이트 1개 | C6: 32300 | D6: 26900 | E6: 230 | F6: =D6*E6 -> 6187000 | G6: =F6*20% -> 1237400
B7: 블루화이트 2개 | C7: =32300*2 -> 64600 | D7: 51900 | E7: 56 | F7: =D7*E7 -> 2906400 | G7: =F7*20% -> 581280
B8: 블루화이트 3개 | C8: =32300*3 -> 96900 | D8: 71900 | E8: 17 | F8: =D8*E8 -> 1222300 | G8: =F8*20% -> 244460
B9: 블랙화이트 1개 | C9: 32300 | D9: 26900 | E9: 151 | F9: =D9*E9 -> 4061900 | G9: =F9*20% -> 812380
B10: 블랙화이트 2개 | C10: =32300*2 -> 64600 | D10: 51900 | E10: 37 | F10: =D10*E10 -> 1920300 | G10: =F10*20% -> 384060
B11: 블랙화이트 3개 | C11: =32300*3 -> 96900 | D11: 71900 | E11: 14 | F11: =D11*E11 -> 1006600 | G11: =F11*20% -> 201320
B12: 블루화이트 1개 + 블랙화이트 1개 | C12: =32300*2 -> 64600 | D12: 51900 | E12: 228 | F12: =D12*E12 -> 11833200 | G12: =F12*20% -> 2366640
B13: 블루화이트 2개 + 블랙화이트 1개 | C13: =32300*3 -> 96900 | D13: 71900 | E13: 46 | F13: =D13*E13 -> 3307400 | G13: =F13*20% -> 661480
B14: 블루화이트 1개 + 블랙화이트 2개 | C14: =32300*3 -> 96900 | D14: 71900 | E14: 42 | F14: =D14*E14 -> 3019800 | G14: =F14*20% -> 603960
B15: 합계 | E15: =SUM(E6:E14) -> 821 | F15: =SUM(F6:F14) -> 35464900 | G15: =SUM(G6:G14) -> 7092980
A16: 카시트 | B16: 컬러: 블랙 세트 | C16: 129000 | D16: 99300 | E16: 3 | F16: =D16*E16 -> 297900 | G16: =F16*20% -> 59580
B17: 컬러: 블루 세트 | C17: 129000 | D17: 99300 | E17: 8 | F17: =D17*E17 -> 794400 | G17: =F17*20% -> 158880
B18: 컬러: 아이보리 세트 | C18: 129000 | D18: 99300 | E18: 11 | F18: =D18*E18 -> 1092300 | G18: =F18*20% -> 218460
B19: 컬러: 오렌지 세트 | C19: 129000 | D19: 99300 | E19: 15 | F19: =D19*E19 -> 1489500 | G19: =F19*20% -> 297900
B20: 컬러: 카키 세트 | C20: 129000 | D20: 99300 | E20: 9 | F20: =D20*E20 -> 893700 | G20: =F20*20% -> 178740
B21: 합계 | E21: =SUM(E16:E20) -> 46 | F21: =SUM(F16:F20) -> 4567800 | G21: =SUM(G16:G20) -> 913560
A22: 리쉬 | B22: 컬러: 베지프렌즈 / 길이: 1.2M | C22: 19000 | D22: 13300 | E22: 6 | F22: =D22*E22 -> 79800 | G22: =F22*20% -> 15960
B23: 컬러: 베지프렌즈 / 길이: 2M | C23: 22000 | D23: 15400 | E23: 6 | F23: =D23*E23 -> 92400 | G23: =F23*20% -> 18480
B24: 컬러: 체크라일락 / 길이: 1.2M | C24: 19000 | D24: 13300 | E24: 11 | F24: =D24*E24 -> 146300 | G24: =F24*20% -> 29260
B25: 컬러: 체크라일락 / 길이: 2M | C25: 22000 | D25: 15400 | E25: 7 | F25: =D25*E25 -> 107800 | G25: =F25*20% -> 21560
B26: 컬러: 체크레드 / 길이: 1.2M | C26: 19000 | D26: 13300 | E26: 16 | F26: =D26*E26 -> 212800 | G26: =F26*20% -> 42560
B27: 컬러: 체크레드 / 길이: 2M | C27: 22000 | D27: 15400 | E27: 9 | F27: =D27*E27 -> 138600 | G27: =F27*20% -> 27720
B28: 컬러: 체크블랙 / 길이: 1.2M | C28: 19000 | D28: 13300 | E28: 14 | F28: =D28*E28 -> 186200 | G28: =F28*20% -> 37240
B29: 컬러: 체크블랙 / 길이: 2M | C29: 22000 | D29: 15400 | E29: 13 | F29: =D29*E29 -> 200200 | G29: =F29*20% -> 40040
B30: 컬러: 체크블루 / 길이: 1.2M | C30: 19000 | D30: 13300 | E30: 10 | F30: =D30*E30 -> 133000 | G30: =F30*20% -> 26600
B31: 컬러: 체크블루 / 길이: 2M | C31: 22000 | D31: 15400 | E31: 7 | F31: =D31*E31 -> 107800 | G31: =F31*20% -> 21560
B32: 컬러: 체크옐로우 / 길이: 1.2M | C32: 19000 | D32: 13300 | E32: 7 | F32: =D32*E32 -> 93100 | G32: =F32*20% -> 18620
B33: 컬러: 체크옐로우 / 길이: 2M | C33: 22000 | D33: 15400 | E33: 6 | F33: =D33*E33 -> 92400 | G33: =F33*20% -> 18480
B34: 합계 | E34: =SUM(E22:E33) -> 112 | F34: =SUM(F22:F33) -> 1590400 | G34: =SUM(G22:G33) -> 318080
A35: 목줄 | B35: 컬러: 베지프렌즈 / 사이즈: M | C35: 22000 | D35: 15400 | E35: 3 | F35: =D35*E35 -> 46200 | G35: =F35*20% -> 9240
B36: 컬러: 베지프렌즈 / 사이즈: S | C36: 22000 | D36: 15400 | E36: 8 | F36: =D36*E36 -> 123200 | G36: =F36*20% -> 24640
B37: 컬러: 체크라일락 / 사이즈: M | C37: 22000 | D37: 15400 | E37: 8 | F37: =D37*E37 -> 123200 | G37: =F37*20% -> 24640
B38: 컬러: 체크라일락 / 사이즈: S | C38: 22000 | D38: 15400 | E38: 8 | F38: =D38*E38 -> 123200 | G38: =F38*20% -> 24640
B39: 컬러: 체크레드 / 사이즈: M | C39: 22000 | D39: 15400 | E39: 11 | F39: =D39*E39 -> 169400 | G39: =F39*20% -> 33880
B40: 컬러: 체크레드 / 사이즈: S | C40: 22000 | D40: 15400 | E40: 16 | F40: =D40*E40 -> 246400 | G40: =F40*20% -> 49280
B41: 컬러: 체크블랙 / 사이즈: M | C41: 22000 | D41: 15400 | E41: 8 | F41: =D41*E41 -> 123200 | G41: =F41*20% -> 24640
B42: 컬러: 체크블랙 / 사이즈: S | C42: 22000 | D42: 15400 | E42: 17 | F42: =D42*E42 -> 261800 | G42: =F42*20% -> 52360
B43: 컬러: 체크블루 / 사이즈: M | C43: 22000 | D43: 15400 | E43: 8 | F43: =D43*E43 -> 123200 | G43: =F43*20% -> 24640
B44: 컬러: 체크블루 / 사이즈: S | C44: 22000 | D44: 15400 | E44: 9 | F44: =D44*E44 -> 138600 | G44: =F44*20% -> 27720
B45: 컬러: 체크옐로우 / 사이즈: M | C45: 22000 | D45: 15400 | E45: 4 | F45: =D45*E45 -> 61600 | G45: =F45*20% -> 12320
B46: 컬러: 체크옐로우 / 사이즈: S | C46: 22000 | D46: 15400 | E46: 7 | F46: =D46*E46 -> 107800 | G46: =F46*20% -> 21560
B47: 합계 | E47: =SUM(E35:E46) -> 107 | F47: =SUM(F35:F46) -> 1647800 | G47: =SUM(G35:G46) -> 329560
A48: 이케코백 | B48: 사이즈: ML / 색상: 체크 블루 | C48: 129000 | D48: 96750 | E48: 27 | F48: =D48*E48 -> 2612250 | G48: =F48*20% -> 522450
B49: 사이즈: ML / 색상: 체크 옐로우 | C49: 129000 | D49: 96750 | E49: 8 | F49: =D49*E49 -> 774000 | G49: =F49*20% -> 154800
B50: 사이즈: SM / 색상: 솔리드 퍼플 | C50: 119000 | D50: 89250 | E50: 1 | F50: =D50*E50 -> 89250 | G50: =F50*20% -> 17850
B51: 사이즈: SM / 색상: 아웃도어 (베이지) | C51: 119000 | D51: 89250 | E51: 4 | F51: =D51*E51 -> 357000 | G51: =F51*20% -> 71400
B52: 사이즈: SM / 색상: 체크 블루 | C52: 119000 | D52: 89250 | E52: 17 | F52: =D52*E52 -> 1517250 | G52: =F52*20% -> 303450
B53: 사이즈: SM / 색상: 솔리드 핑크 | C53: 119000 | D53: 89250 | E53: - | G53: =F53*20% -> 0
B54: 합계 | E54: =SUM(E48:E53) -> 57 | F54: =SUM(F48:F53) -> 5349750 | G54: =SUM(G48:G53) -> 1069950
A55: 포포타올 | B55: 6개이상 | C55: 9500 | D55: 6170 | E55: 290 | F55: =D55*E55 -> 1789300 | G55: =F55*20% -> 357860
B56: 1~5개 | C56: 9500 | D56: 7410 | E56: 132 | F56: =D56*E56 -> 978120 | G56: =F56*20% -> 195624
B57: 합계 | E57: =SUM(E55:E56) -> 422 | F57: =SUM(F55:F56) -> 2767420 | G57: =SUM(G55:G56) -> 553484
A58: 스텝온 | B58: 카시트 스텝온 추가: 추가 | C58: 15000 | D58: 15000 | E58: 18 | F58: =D58*E58 -> 270000 | G58: =F58*20% -> 54000
B59: 합계 | E59: =SUM(E58) -> 18 | F59: =SUM(F58) -> 270000 | G59: =SUM(G58) -> 54000
A60: 도톤 | B60: 1개 | C60: 22000 | D60: 16500 | E60: 78 | F60: =D60*E60 -> 1287000 | G60: =F60*20% -> 257400
B61: 2개 | C61: 44000 | D61: 29900 | E61: 49 | F61: =D61*E61 -> 1465100 | G61: =F61*20% -> 293020
B62: 3개 | C62: 66000 | D62: 42200 | E62: 22 | F62: =D62*E62 -> 928400 | G62: =F62*20% -> 185680
B63: 합계 | E63: =SUM(E60:E62) -> 149 | F63: =SUM(F60:F62) -> 3680500 | G63: =SUM(G60:G62) -> 736100
B64: 최종 합계 | E64: 1732 | F64: =F15+F21+F34+F47+F54+F57+F59+F63 -> 55338570 | G64: =G15+G21+G34+G47+G54+G57+G59+G63 -> 11067714

Sheet 광고비용 집계
A2: 행 레이블 | B2: 합계 : 지출 금액 (KRW) | C2: 합계 | D2: 합계 (50%)
A3: 카시트 광고 01 | B3: 106282 | C3: 395413 | D3: =C3/2 -> 197706.5
A4: 카시트 광고 02 | B4: 104434
A5: 카시트 광고 03 | B5: 184697
A6: 포포타올 | B6: 264859 | C6: 264859 | D6: =C6/2 -> 132429.5
A7: 총합계 | B7: 660272 | C7: 660272 | D7: =SUM(D3:D6) -> 330136
A12: 보고 시작 | B12: 보고 종료 | C12: 광고 이름 | D12: 지출 금액 (KRW) | E12: 노출 | F12: CPM(1,000회 노출당 비용) (KRW) | G12: 도달 | H12: 빈도 | I12: CTR(전체) | J12: 링크 클릭 | K12: CPC(전체) (KRW)
A13: 46113 | B13: 46113 | C13: 카시트 광고 01 | D13: - | E13: - | F13: - | G13: - | H13: - | I13: - | K13: -
A14: 46113 | B14: 46113 | C14: 포포타올 | D14: - | E14: - | F14: - | G14: - | H14: - | I14: - | K14: -
A15: 46113 | B15: 46113 | C15: 카시트 광고 02 | D15: - | E15: - | F15: - | G15: - | H15: - | I15: - | K15: -
A16: 46113 | B16: 46113 | C16: 카시트 광고 03 | D16: - | E16: - | F16: - | G16: - | H16: - | I16: - | K16: -
A17: 46113 | B17: 46113 | C17: 카시트 광고 03 | D17: - | E17: - | F17: - | G17: - | H17: - | I17: - | K17: -
A18: 46114 | B18: 46114 | C18: 카시트 광고 01 | D18: - | E18: - | F18: - | G18: - | H18: - | I18: - | K18: -
A19: 46114 | B19: 46114 | C19: 포포타올 | D19: - | E19: - | F19: - | G19: - | H19: - | I19: - | K19: -
A20: 46114 | B20: 46114 | C20: 카시트 광고 02 | D20: - | E20: - | F20: - | G20: - | H20: - | I20: - | K20: -
A21: 46114 | B21: 46114 | C21: 카시트 광고 03 | D21: - | E21: - | F21: - | G21: - | H21: - | I21: - | K21: -
A22: 46114 | B22: 46114 | C22: 카시트 광고 03 | D22: - | E22: - | F22: - | G22: - | H22: - | I22: - | K22: -
A23: 46115 | B23: 46115 | C23: 카시트 광고 01 | D23: - | E23: - | F23: - | G23: - | H23: - | I23: - | K23: -
A24: 46115 | B24: 46115 | C24: 포포타올 | D24: - | E24: - | F24: - | G24: - | H24: - | I24: - | K24: -
... A61: 46122 | B61: 46122 | C61: 카시트 광고 03 | D61: - | E61: - | F61: - | G61: - | H61: - | I61: - | K61: -
A62: 46122 | B62: 46122 | C62: 카시트 광고 03 | D62: 7536 | E62: 1248 | F62: 6038 | G62: 1248 | H62: 1 | I62: 5 | J62: 55 | K62: 114
A63: 46123 | B63: 46123 | C63: 카시트 광고 01 | D63: - | E63: - | F63: - | G63: - | H63: - | I63: - | K63: -
A64: 46123 | B64: 46123 | C64: 포포타올 | D64: - | E64: - | F64: - | G64: - | H64: - | I64: - | K64: -
A65: 46123 | B65: 46123 | C65: 카시트 광고 02 | D65: - | E65: - | F65: - | G65: - | H65: - | I65: - | K65: -
A66: 46123 | B66: 46123 | C66: 카시트 광고 03 | D66: - | E66: - | F66: - | G66: - | H66: - | I66: - | K66: -
A67: 46123 | B67: 46123 | C67: 카시트 광고 03 | D67: 17312 | E67: 2722 | F67: 6360 | G67: 2619 | H67: 1 | I67: 8 | J67: 188 | K67: 75
A68: 46124 | B68: 46124 | C68: 카시트 광고 01 | D68: - | E68: - | F68: - | G68: - | H68: - | I68: - | K68: -
A69: 46124 | B69: 46124 | C69: 포포타올 | D69: - | E69: - | F69: - | G69: - | H69: - | I69: - | K69: -
A70: 46124 | B70: 46124 | C70: 카시트 광고 02 | D70: - | E70: - | F70: - | G70: - | H70: - | I70: - | K70: -
A71: 46124 | B71: 46124 | C71: 카시트 광고 03 | D71: 5237 | E71: 506 | F71: 10350 | G71: 473 | H71: 1 | I71: 5 | J71: 23 | K71: 228
A72: 46124 | B72: 46124 | C72: 카시트 광고 03 | D72: 16044 | E72: 2865 | F72: 5600 | G72: 2805 | H72: 1 | I72: 10 | J72: 243 | K72: 57
A73: 46125 | B73: 46125 | C73: 카시트 광고 01 | D73: - | E73: - | F73: - | G73: - | H73: - | I73: - | K73: -
A74: 46125 | B74: 46125 | C74: 포포타올 | D74: - | E74: - | F74: - | G74: - | H74: - | I74: - | K74: -
A75: 46125 | B75: 46125 | C75: 카시트 광고 02 | D75: - | E75: - | F75: - | G75: - | H75: - | I75: - | K75: -
A76: 46125 | B76: 46125 | C76: 카시트 광고 03 | D76: 182 | E76: 25 | F76: 7280 | G76: 24 | H76: 1 | I76: - | K76: -
A77: 46125 | B77: 46125 | C77: 카시트 광고 03 | D77: 19644 | E77: 2662 | F77: 7379 | G77: 2575 | H77: 1 | I77: 6 | J77: 143 | K77: 116
A78: 46126 | B78: 46126 | C78: 카시트 광고 01 | D78: - | E78: - | F78: - | G78: - | H78: - | I78: - | K78: -
A79: 46126 | B79: 46126 | C79: 포포타올 | D79: - | E79: - | F79: - | G79: - | H79: - | I79: - | K79: -
A80: 46126 | B80: 46126 | C80: 카시트 광고 02 | D80: - | E80: - | F80: - | G80: - | H80: - | I80: - | K80: -
A81: 46126 | B81: 46126 | C81: 카시트 광고 03 | D81: - | E81: - | F81: - | G81: - | H81: - | I81: - | K81: -
A82: 46126 | B82: 46126 | C82: 카시트 광고 03 | D82: 22946 | E82: 2617 | F82: 8768 | G82: 2486 | H82: 1 | I82: 8 | J82: 204 | K82: 110
A83: 46127 | B83: 46127 | C83: 카시트 광고 01 | D83: - | E83: - | F83: - | G83: - | H83: - | I83: - | K83: -
A84: 46127 | B84: 46127 | C84: 포포타올 | D84: - | E84: - | F84: - | G84: - | H84: - | I84: - | K84: -
A85: 46127 | B85: 46127 | C85: 카시트 광고 02 | D85: - | E85: - | F85: - | G85: - | H85: - | I85: - | K85: -
A86: 46127 | B86: 46127 | C86: 카시트 광고 03 | D86: - | E86: - | F86: - | G86: - | H86: - | I86: - | K86: -
A87: 46127 | B87: 46127 | C87: 카시트 광고 03 | D87: 20157 | E87: 2647 | F87: 7615 | G87: 2647 | H87: 1 | I87: 7 | J87: 172 | K87: 103
A88: 46128 | B88: 46128 | C88: 카시트 광고 01 | D88: 8650 | E88: 1433 | F88: 6036 | G88: 1400 | H88: 1 | I88: 6 | J88: 79 | K88: 97
A89: 46128 | B89: 46128 | C89: 포포타올 | D89: - | E89: - | F89: - | G89: - | H89: - | I89: - | K89: -
A90: 46128 | B90: 46128 | C90: 카시트 광고 02 | D90: 27724 | E90: 3228 | F90: 8589 | G90: 3213 | H90: 1 | I90: 4 | J90: 128 | K90: 191
A91: 46128 | B91: 46128 | C91: 카시트 광고 03 | D91: - | E91: - | F91: - | G91: - | H91: - | I91: - | K91: -
A92: 46128 | B92: 46128 | C92: 카시트 광고 03 | D92: 17273 | E92: 1936 | F92: 8922 | G92: 1886 | H92: 1 | I92: 8 | J92: 146 | K92: 113
A93: 46129 | B93: 46129 | C93: 카시트 광고 01 | D93: 30373 | E93: 6150 | F93: 4939 | G93: 5883 | H93: 1 | I93: 6 | J93: 311 | K93: 86
A94: 46129 | B94: 46129 | C94: 포포타올 | D94: 9779 | E94: 1135 | F94: 8616 | G94: 1133 | H94: 1 | I94: 4 | J94: 39 | K94: 196
A95: 46129 | B95: 46129 | C95: 카시트 광고 02 | D95: 39423 | E95: 5158 | F95: 7643 | G95: 4862 | H95: 1 | I95: 4 | J95: 191 | K95: 174
A96: 46129 | B96: 46129 | C96: 카시트 광고 03 | D96: - | E96: - | F96: - | G96: - | H96: - | I96: - | K96: -
A97: 46129 | B97: 46129 | C97: 카시트 광고 03 | D97: 26423 | E97: 2926 | F97: 9030 | G97: 2895 | H97: 1 | I97: 10 | J97: 255 | K97: 95
A98: 46130 | B98: 46130 | C98: 카시트 광고 01 | D98: 22470 | E98: 4830 | F98: 4652 | G98: 4661 | H98: 1 | I98: 6 | J98: 251 | K98: 82
A99: 46130 | B99: 46130 | C99: 포포타올 | D99: 14208 | E99: 2287 | F99: 6213 | G99: 2271 | H99: 1 | I99: 9 | J99: 186 | K99: 67
A100: 46130 | B100: 46130 | C100: 카시트 광고 02 | D100: 23558 | E100: 4613 | F100: 5107 | G100: 4613 | H100: 1 | I100: 6 | J100: 250 | K100: 82
A101: 46130 | B101: 46130 | C101: 카시트 광고 03 | D101: - | E101: - | F101: - | G101: - | H101: - | I101: - | K101: -
A102: 46130 | B102: 46130 | C102: 카시트 광고 03 | D102: 18170 | E102: 2436 | F102: 7459 | G102: 2372 | H102: 1 | I102: 11 | J102: 232 | K102: 70
A103: 46131 | B103: 46131 | C103: 카시트 광고 01 | D103: 24244 | E103: 5612 | F103: 4320 | G103: 5463 | H103: 1 | I103: 5 | J103: 243 | K103: 86
A104: 46131 | B104: 46131 | C104: 포포타올 | D104: 23504 | E104: 4327 | F104: 5432 | G104: 4263 | H104: 1 | I104: 9 | J104: 347 | K104: 59
A105: 46131 | B105: 46131 | C105: 카시트 광고 02 | D105: 13729 | E105: 2747 | F105: 4998 | G105: 2676 | H105: 1 | I105: 6 | J105: 144 | K105: 80
A106: 46131 | B106: 46131 | C106: 카시트 광고 03 | D106: - | E106: - | F106: - | G106: - | H106: - | I106: - | K106: -
A107: 46131 | B107: 46131 | C107: 카시트 광고 03 | D107: 13773 | E107: 1911 | F107: 7207 | G107: 1911 | H107: 1 | I107: 10 | J107: 168 | K107: 76
A108: 46132 | B108: 46132 | C108: 카시트 광고 01 | D108: 20545 | E108: 5512 | F108: 3727 | G108: 5331 | H108: 1 | I108: 5 | J108: 231 | K108: 82
A109: 46132 | B109: 46132 | C109: 포포타올 | D109: 20257 | E109: 4163 | F109: 4866 | G109: 4155 | H109: 1 | I109: 8 | J109: 291 | K109: 60
A110: 46132 | B110: 46132 | C110: 카시트 광고 02 | D110: - | E110: - | F110: - | G110: - | H110: - | I110: - | K110: -
A111: 46132 | B111: 46132 | C111: 카시트 광고 03 | D111: - | E111: - | F111: - | G111: - | H111: - | I111: - | K111: -
A112: 46132 | B112: 46132 | C112: 카시트 광고 03 | D112: - | E112: - | F112: - | G112: - | H112: - | I112: - | K112: -
A113: 46133 | B113: 46133 | C113: 카시트 광고 01 | D113: - | E113: - | F113: - | G113: - | H113: - | I113: - | K113: -
A114: 46133 | B114: 46133 | C114: 포포타올 | D114: 17082 | E114: 3351 | F114: 5098 | G114: 3351 | H114: 1 | I114: 8 | J114: 220 | K114: 63
A115: 46133 | B115: 46133 | C115: 카시트 광고 02 | D115: - | E115: - | F115: - | G115: - | H115: - | I115: - | K115: -
A116: 46133 | B116: 46133 | C116: 카시트 광고 03 | D116: - | E116: - | F116: - | G116: - | H116: - | I116: - | K116: -
A117: 46133 | B117: 46133 | C117: 카시트 광고 03 | D117: - | E117: - | F117: - | G117: - | H117: - | I117: - | K117: -
A118: 46134 | B118: 46134 | C118: 카시트 광고 01 | D118: - | E118: - | F118: - | G118: - | H118: - | I118: - | K118: -
A119: 46134 | B119: 46134 | C119: 포포타올 | D119: 19035 | E119: 3319 | F119: 5735 | G119: 3243 | H119: 1 | I119: 8 | J119: 210 | K119: 74
A120: 46134 | B120: 46134 | C120: 카시트 광고 02 | D120: - | E120: - | F120: - | G120: - | H120: - | I120: - | K120: -
A121: 46134 | B121: 46134 | C121: 카시트 광고 03 | D121: - | E121: - | F121: - | G121: - | H121: - | I121: - | K121: -
A122: 46134 | B122: 46134 | C122: 카시트 광고 03 | D122: - | E122: - | F122: - | G122: - | H122: - | I122: - | K122: -
A123: 46135 | B123: 46135 | C123: 카시트 광고 01 | D123: - | E123: - | F123: - | G123: - | H123: - | I123: - | K123: -
A124: 46135 | B124: 46135 | C124: 포포타올 | D124: 20119 | E124: 3633 | F124: 5538 | G124: 3563 | H124: 1 | I124: 7 | J124: 204 | K124: 78
A125: 46135 | B125: 46135 | C125: 카시트 광고 02 | D125: - | E125: - | F125: - | G125: - | H125: - | I125: - | K125: -
A126: 46135 | B126: 46135 | C126: 카시트 광고 03 | D126: - | E126: - | F126: - | G126: - | H126: - | I126: - | K126: -
A127: 46135 | B127: 46135 | C127: 카시트 광고 03 | D127: - | E127: - | F127: - | G127: - | H127: - | I127: - | K127: -
A128: 46136 | B128: 46136 | C128: 카시트 광고 01 | D128: - | E128: - | F128: - | G128: - | H128: - | I128: - | K128: -
A129: 46136 | B129: 46136 | C129: 포포타올 | D129: 19384 | E129: 3247 | F129: 5970 | G129: 3245 | H129: 1 | I129: 7 | J129: 204 | K129: 85
A130: 46136 | B130: 46136 | C130: 카시트 광고 02 | D130: - | E130: - | F130: - | G130: - | H130: - | I130: - | K130: -
A131: 46136 | B131: 46136 | C131: 카시트 광고 03 | D131: - | E131: - | F131: - | G131: - | H131: - | I131: - | K131: -
A132: 46136 | B132: 46136 | C132: 카시트 광고 03 | D132: - | E132: - | F132: - | G132: - | H132: - | I132: - | K132: -
A133: 46137 | B133: 46137 | C133: 카시트 광고 01 | D133: - | E133: - | F133: - | G133: - | H133: - | I133: - | K133: -
A134: 46137 | B134: 46137 | C134: 포포타올 | D134: 20520 | E134: 3298 | F134: 6222 | G134: 3288 | H134: 1 | I134: 7 | J134: 184 | K134: 89
A135: 46137 | B135: 46137 | C135: 카시트 광고 02 | D135: - | E135: - | F135: - | G135: - | H135: - | I135: - | K135: -
A136: 46137 | B136: 46137 | C136: 카시트 광고 03 | D136: - | E136: - | F136: - | G136: - | H136: - | I136: - | K136: -
A137: 46137 | B137: 46137 | C137: 카시트 광고 03 | D137: - | E137: - | F137: - | G137: - | H137: - | I137: - | K137: -
A138: 46138 | B138: 46138 | C138: 카시트 광고 01 | D138: - | E138: - | F138: - | G138: - | H138: - | I138: - | K138: -
A139: 46138 | B139: 46138 | C139: 포포타올 | D139: 23028 | E139: 3636 | F139: 6333 | G139: 3562 | H139: 1 | I139: 8 | J139: 266 | K139: 77
A140: 46138 | B140: 46138 | C140: 카시트 광고 02 | D140: - | E140: - | F140: - | G140: - | H140: - | I140: - | K140: -
A141: 46138 | B141: 46138 | C141: 카시트 광고 03 | D141: - | E141: - | F141: - | G141: - | H141: - | I141: - | K141: -
...

Sheet DB) 스마트스토어(4월구매확정)
A1: 상품주문번호 | B1: 주문번호 | C1: 구매확정일 | D1: 판매채널 | E1: 주문상태 | F1: 구매자명 | G1: 구매자ID | H1: 수취인명 | I1: 발송처리일 | J1: 배송방법 | K1: 택배사 | L1: 송장번호 | M1: 배송완료일 | N1: 상품번호 | O1: 상품명 | P1: 상품종류 | Q1: 옵션정보 | R1: 수량 | S1: 상품가격 | T1: 옵션가격 | U1: 최종 상품별 할인액 | V1: 판매자 부담 할인액 | W1: 최종 상품별 총 주문금액 | X1: 판매자 상품코드 | Y1: 판매자 내부코드1 | Z1: 판매자 내부코드2 | AA1: 배송비 묶음번호 | AB1: 배송비 형태 | AC1: 배송비 유형 | AD1: 배송비 합계 | AE1: 제주/도서 추가배송비 | AF1: 배송비 할인액 | AG1: 결제일 | AH1: 결제수단 | AI1: 결제위치 | AJ1: 네이버페이 주문관리 수수료 | AK1: 매출연동 수수료 | AL1: 정산예정금액
A2: 2026041934753031 | B2: 2026041989633841 | C2: 2026.04.30 21:55 | D2: 스마트스토어 | E2: 구매확정 | F2: 윤성희 | G2: 1zzz*** | H2: 윤성희 | I2: 2026.04.29 15:21 | J2: 택배,등기,소포 | K2: 로젠택배 | L2: 92234560191 | M2: 2026.04.30 11:14 | N2: 9928170688 | O2: 카시트 스텝온 추가: 추가 | P2: 추가구성상품 | Q2: 카시트 스텝온 추가: 추가 | R2: 1 | S2: \15,000 | T2: \0 | U2: \0 | V2: \0 | W2: \15,000 | AA2: 2026041994677638 | AB2: 무료 | AC2: 무료 | AD2: \0 | AE2: \0 | AF2: \0 | AG2: ######## | AH2: 신용카드 간편결제 | AI2: MOBILE | AJ2: -409 | AK2: -150 | AL2: \14,441
A3: 2026041934753021 | B3: 2026041989633841 | C3: 2026.04.30 21:55 | D3: 스마트스토어 | E3: 구매확정 | F3: 윤성희 | G3: 1zzz*** | H3: 윤성희 | I3: 2026.04.29 15:21 | J3: 택배,등기,소포 | K3: 로젠택배 | L3: 92234560191 | M3: 2026.04.30 11:14 | N3: 9928170688 | O3: [영이 공구x베럴즈] 강아지 카시트 세트 5종 특가 | P3: 조합형옵션상품 | Q3: 컬러: 아이보리 세트 | R3: 1 | S3: \129,000 | T3: \0 | U3: \29,700 | V3: \29,700 | W3: \99,300 | AA3: 2026041994677638 | AB3: 무료 | AC3: 무료 | AD3: \0 | AE3: \0 | AF3: \0 | AG3: ######## | AH3: 신용카드 간편결제 | AI3: MOBILE | AJ3: -2708 | AK3: -993 | AL3: \95,599
A4: 2026041456562591 | B4: 2026041474568991 | C4: 2026.04.30 18:58 | D4: 스마트스토어 | E4: 구매확정 | F4: 박서영 | G4: hiki**** | H4: 박서영 | I4: 2026.04.28 15:12 | J4: 택배,등기,소포 | K4: 로젠택배 | L4: 92234495581 | M4: 2026.04.29 12:00 | N4: 9927394880 | O4: [영이 공구x베럴즈] PAW PAW TOWEL 특가 | P4: 조합형옵션상품 | Q4: 1~5개 | R4: 1 | S4: \9,500 | T4: \0 | U4: \2,190 | V4: \2,190 | W4: \7,310 | AA4: 2026041482888987 | AB4: 선결제 | AC4: 조건부무료 | AD4: \3,000 | AE4: \0 | AF4: \0 | AG4: ######## | AH4: 신용카드 간편결제 | AI4: MOBILE | AJ4: -199 | AK4: -73 | AL4: \7,038
A5: 2026041564766931 | B5: 2026041579890581 | C5: 2026.04.30 06:15 | D5: 스마트스토어 | E5: 구매확정 | F5: 허수민 | G5: rryo***** | H5: 허 수민 | I5: 2026.04.28 15:12 | J5: 택배,등기,소포 | K5: 로젠택배 | L5: 92234495474 | M5: 2026.04.29 09:40 | N5: 9927394880 | O5: [영이 공구x베럴즈] PAW PAW TOWEL 특가 | P5: 조합형옵션상품 | Q5: 1~5개 | R5: 1 | S5: \9,500 | T5: \0 | U5: \2,190 | V5: \2,190 | W5: \7,310 | AA5: 2026041583909495 | AB5: 선결제 | AC5: 조건부무료 | AD5: \3,000 | AE5: \0 | AF5: \0 | AG5: ######## | AH5: 신용카드 간편결제 | AI5: MOBILE | AJ5: -199 | AK5: -73 | AL5: \7,038
A6: 2026041569265811 | B6: 2026041582875271 | C6: 2026.04.29 22:16 | D6: 스마트스토어 | E6: 구매확정 | F6: Lum Hiu Ching | G6: iamx*** | H6: Lum Hiu Ching | I6: 2026.04.28 15:12 | J6: 택배,등기,소포 | K6: 로젠택배 | L6: 92234495415 | M6: 2026.04.29 11:24 | N6: 9927394880 | O6: [영이 공구x베럴즈] PAW PAW TOWEL 특가 | P6: 조합형옵션상품 | Q6: 1~5개 | R6: 1 | S6: \9,500 | T6: \0 | U6: \2,190 | V6: \2,190 | W6: \7,310 | AA6: 2026041584463729 | AB6: 선결제 | AC6: 조건부무료 | AD6: \3,000 | AE6: \0 | AF6: \0 | AG6: ######## | AH6: 신용카드 간편결제 | AI6: MOBILE | AJ6: -199 | AK6: -73 | AL6: \7,038
A7: 2026041452016561 | B7: 2026041471662491 | C7: 2026.04.24 03:16 | D7: 스마트스토어 | E7: 구매확정 | F7: 전은화 | G7: jeon******** | H7: 전은화 | I7: 2026.04.15 18:33 | J7: 택배,등기,소포 | K7: 로젠택배 | L7: 92234045901 | M7: 2026.04.16 16:17 | N7: 9927394880 | O7: [영이 공구x베럴즈] PAW PAW TOWEL 특가 | P7: 단일상품 | Q7: 1~5개 | R7: 1 | S7: \9,500 | T7: \0 | U7: \2,190 | V7: \2,190 | W7: \7,310 | AA7: 2026041482330948 | AB7: 선결제 | AC7: 조건부무료 | AD7: \3,000 | AE7: \0 | AF7: \0 | AG7: ######## | AH7: 신용카드 간편결제 | AI7: MOBILE | AJ7: -198 | AK7: -219 | AL7: \6,893
A8: 2026041454764451 | B8: 2026041473435981 | C8: 2026.04.24 03:11 | D8: 스마트스토어 | E8: 구매확정 | F8: 허은옥 | G8: wu**** | H8: 허은옥 | I8: 2026.04.15 18:33 | J8: 택배,등기,소포 | K8: 로젠택배 | L8: 92234045864 | M8: 2026.04.16 16:20 | N8: 9927394880 | O8: [영이 공구x베럴즈] PAW PAW TOWEL 특가 | P8: 조합형옵션상품 | Q8: 1~5개 | R8: 1 | S8: \9,500 | T8: \0 | U8: \2,090 | V8: \2,090 | W8: \7,410 | AA8: 2026041482671153 | AB8: 선결제 | AC8: 조건부무료 | AD8: \3,000 | AE8: \0 | AF8: \0 | AG8: ######## | AH8: 신용카드 간편결제 | AI8: MOBILE | AJ8: -201 | AK8: -74 | AL8: \7,135
A9: 2026041448145611 | B9: 2026041469065501 | C9: 2026.04.24 02:41 | D9: 스마트스토어 | E9: 구매확정 | F9: 지은이 | G9: wldm******* | H9: 지은이 | I9: 2026.04.15 18:33 | J9: 택배,등기,소포 | K9: 로젠택배 | L9: 92234045923 | M9: 2026.04.16 13:15 | N9: 9927394880 | O9: [영이 공구x베럴즈] PAW PAW TOWEL 특가 | P9: 단일상품 | Q9: 1~5개 | R9: 1 | S9: \9,500 | T9: \0 | U9: \2,090 | V9: \2,090 | W9: \7,410 | AA9: 2.0260415e+15 | AB9: 선결제 | AC9: 조건부무료 | AD9: \3,000 | AE9: \0 | AF9: \0 | AG9: ######## | AH9: 신용카드 간편결제 | AI9: MOBILE | AJ9: -202 | AK9: -74 | AL9: \7,134
A10: 2026041451836401 | B10: 2026041471546751 | C10: 2026.04.24 02:39 | D10: 스마트스토어 | E10: 구매확정 | F10: 김샛별 | G10: ksb9*** | H10: 김샛별 | I10: 2026.04.15 18:33 | J10: 택배,등기,소포 | K10: 로젠택배 | L10: 92234045912 | M10: 2026.04.16 13:10 | N10: 9927394880 | O10: [영이 공구x베럴즈] PAW PAW TOWEL 특가 | P10: 단일상품 | Q10: 1~5개 | R10: 1 | S10: \9,500 | T10: \0 | U10: \2,090 | V10: \4,180 | W10: \7,410 | AA10: 2026041482310085 | AB10: 선결제 | AC10: 조건부무료 | AD10: \3,000 | AE10: \0 | AF10: \0 | AG10: ######## | AH10: 신용카드 | AI10: MOBILE | AJ10: -201 | AK10: -74 | AL10: \7,135
A11: 2026041454163981 | B11: 2026041473059111 | C11: 2026.04.24 02:39 | D11: 스마트스토어 | E11: 구매확정 | F11: 강혜진 | G11: kkan****** | H11: 강혜진 | I11: 2026.04.15 18:33 | J11: 택배,등기,소포 | K11: 로젠택배 | L11: 92234045875 | M11: 2026.04.16 13:15 | N11: 9927394880 | O11: [영이 공구x베럴즈] PAW PAW TOWEL 특가 | P11: 조합형옵션상품 | Q11: 1~5개 | R11: 1 | S11: \9,500 | T11: \0 | U11: \2,190 | V11: \2,190 | W11: \7,310 | AA11: 2026041482598466 | AB11: 선결제 | AC11: 조건부무료 | AD11: \3,000 | AE11: \0 | AF11: \0 | AG11: ######## | AH11: 신용카드 간편결제 | AI11: MOBILE | AJ11: -199 | AK11: -73 | AL11: \7,038
A12: 2026041453929791 | B12: 2026041472908131 | C12: 2026.04.24 02:39 | D12: 스마트스토어 | E12: 구매확정 | F12: 채혜진 | G12: asas**** | H12: 채혜진 | I12: 2026.04.15 18:33 | J12: 택배,등기,소포 | K12: 로젠택배 | L12: 92234045890 | M12: 2026.04.16 11:12 | N12: 9927394880 | O12: [영이 공구x베럴즈] PAW PAW TOWEL 특가 | P12: 조합형옵션상품 | Q12: 1~5개 | R12: 1 | S12: \9,500 | T12: \0 | U12: \2,190 | V12: \2,190 | W12: \7,310 | AA12: 2026041482569554 | AB12: 선결제 | AC12: 조건부무료 | AD12: \3,000 | AE12: \0 | AF12: \0 | AG12: ######## | AH12: 신용카드 간편결제 | AI12: MOBILE | AJ12: -199 | AK12: -73 | AL12: \7,038
A13: 2026041455334931 | B13: 2026041473796161 | C13: 2026.04.20 21:17 | D13: 스마트스토어 | E13: 구매확정 | F13: 이우빈 | G13: wobi*** | H13: 이우빈 | I13: 2026.04.15 18:33 | J13: 택배,등기,소포 | K13: 로젠택배 | L13: 92234045853 | M13: 2026.04.16 13:15 | N13: 9927394880 | O13: [영이 공구x베럴즈] PAW PAW TOWEL 특가 | P13: 조합형옵션상품 | Q13: 1~5개 | R13: 1 | S13: \9,500 | T13: \0 | U13: \2,090 | V13: \2,090 | W13: \7,410 | AA13: 2026041482739786 | AB13: 선결제 | AC13: 조건부무료 | AD13: \3,000 | AE13: \0 | AF13: \0 | AG13: ######## | AH13: 신용카드 간편결제 | AI13: MOBILE | AJ13: -202 | AK13: -74 | AL13: \7,134
A14: 2026041454085241 | B14: 2026041473007271 | C14: 2026.04.19 08:10 | D14: 스마트스토어 | E14: 구매확정 | F14: 심은영 | G14: cott**** | H14: 심은영 | I14: 2026.04.15 18:33 | J14: 택배,등기,소포 | K14: 로젠택배 | L14: 92234045886 | M14: 2026.04.16 12:45 | N14: 9927394880 | O14: [영이 공구x베럴즈] PAW PAW TOWEL 특가 | P14: 조합형옵션상품 | Q14: 1~5개 | R14: 1 | S14: \9,500 | T14: \0 | U14: \2,190 | V14: \2,190 | W14: \7,310 | AA14: 2026041482589189 | AB14: 선결제 | AC14: 조건부무료 | AD14: \3,000 | AE14: \0 | AF14: \0 | AG14: ######## | AH14: 신용카드 | AI14: MOBILE | AJ14: -199 | AK14: -73 | AL14: \7,038
A15: 2026041239219381 | B15: 2026041293937681 | C15: 2026.04.17 09:47 | D15: 스마트스토어 | E15: 구매확정 | F15: 한승주 | G15: flyb*** | H15: 한승주 | I15: 2026.04.13 14:01 | J15: 택배,등기,소포 | K15: 로젠택배 | L15: 92233941870 | M15: 2026.04.14 18:30 | N15: 9927394880 | O15: [영이 공구x베럴즈] PAW PAW TOWEL 특가 | P15: 단일상품 | Q15: 1~5개 | R15: 1 | S15: \9,500 | T15: \0 | U15: \2,190 | V15: \2,190 | W15: \7,310 | AA15: 2026041269328916 | AB15: 무료 | AC15: 조건부무료 | AD15: \0 | AE15: \0 | AF15: \0 | AG15: ######## | AH15: 머니결제 | AI15: MOBILE | AJ15: -199 | AK15: -73 | AL15: \7,038
A16: 2026040920978891 | B16: 2026040920421571 | C16: 2026.04.11 17:09 | D16: 스마트스토어 | E16: 구매확정 | F16: 정다은 | G16: art_***** | H16: 정다은 | I16: 2026.04.09 15:15 | J16: 택배,등기,소포 | K16: 로젠택배 | L16: 92233864590 | M16: 2026.04.10 13:09 | N16: 9927394880 | O16: [영이 공구x베럴즈] PAW PAW TOWEL 특가 | P16: 단일상품 | Q16: 1~5개 | R16: 1 | S16: \9,500 | T16: \0 | U16: \2,190 | V16: \2,190 | W16: \7,310 | AA16: 2026040955332009 | AB16: 무료 | AC16: 조건부무료 | AD16: \0 | AE16: \0 | AF16: \0 | AG16: ######## | AH16: 머니결제 | AI16: MOBILE | AJ16: -199 | AK16: -219 | AL16: \6,892
A17: 2026041574324691 | B17: 2026041586187891 | C17: 2026.04.30 21:32 | D17: 스마트스토어 | E17: 구매확정 | F17: 류진희 | G17: jini**** | H17: 류진희 | I17: 2026.04.28 15:12 | J17: 택배,등기,소포 | K17: 로젠택배 | L17: 92234495135 | M17: 2026.04.29 12:00 | N17: 9927394880 | O17: [영이 공구x베럴즈] PAW PAW TOWEL 특가 | P17: 조합형옵션상품 | Q17: 1~5개 | R17: 2 | S17: \9,500 | T17: \0 | U17: \4,280 | V17: \4,280 | W17: \14,720 | AA17: 2026041585066545 | AB17: 선결제 | AC17: 조건부무료 | AD17: \3,000 | AE17: \0 | AF17: \0 | AG17: ######## | AH17: 신용카드 간편결제 | AI17: MOBILE | AJ17: -401 | AK17: -147 | AL17: \14,172
A18: 2026041457922741 | B18: 2026041475423321 | C18: 2026.04.30 09:46 | D18: 스마트스토어 | E18: 구매확정 | F18: 박영혜 | G18: kjhy***** | H18: 박영혜 | I18: 2026.04.28 15:12 | J18: 택배,등기,소포 | K18: 로젠택배 | L18: 92234493606 | M18: 2026.04.29 09:40 | N18: 9927394880 | O18: [영이 공구x베럴즈] PAW PAW TOWEL 특가 | P18: 조합형옵션상품 | Q18: 1~5개 | R18: 2 | S18: \9,500 | T18: \0 | U18: \4,280 | V18: \4,280 | W18: \14,720 | AA18: 2.0260415e+15 | AB18: 선결제 | AC18: 조건부무료 | AD18: \3,000 | AE18: \0 | AF18: \0 | AG18: ######## | AH18: 신용카드 간편결제 | AI18: MOBILE | AJ18: -400 | AK18: -147 | AL18: \14,173
A19: 2026041458095871 | B19: 2026041475532031 | C19: 2026.04.30 08:24 | D19: 스마트스토어 | E19: 구매확정 | F19: 김민경 | G19: alsd*** | H19: 김민경 | I19: 2026.04.28 15:12 | J19: 택배,등기,소포 | K19: 로젠택배 | L19: 92234493643 | M19: 2026.04.29 16:36 | N19: 9927394880 | O19: [영이 공구x베럴즈] PAW PAW TOWEL 특가 | P19: 조합형옵션상품 | Q19: 1~5개 | R19: 2 | S19: \9,500 | T19: \0 | U19: \4,180 | V19: \4,180 | W19: \14,820 | AA19: 2026041483074288 | AB19: 선결제 | AC19: 조건부무료 | AD19: \3,000 | AE19: \0 | AF19: \0 | AG19: ######## | AH19: 신용카드 간편결제 | AI19: MOBILE | AJ19: -404 | AK19: -148 | AL19: \14,268
A20: 2026041563223931 | B20: 2026041578804831 | C20: 2026.04.30 06:17 | D20: 스마트스토어 | E20: 구매확정 | F20: 안송희 | G20: dkre***** | H20: 안송희 | I20: 2026.04.28 15:12 | J20: 택배,등기,소포 | K20: 로젠택배 | L20: 92234494192 | M20: 2026.04.29 14:16 | N20: 9927394880 | O20: [영이 공구x베럴즈] PAW PAW TOWEL 특가 | P20: 조합형옵션상품 | Q20: 1~5개 | R20: 2 | S20: \9,500 | T20: \0 | U20: \4,280 | V20: \4,280 | W20: \14,720 | AA20: 2.0260416e+15 | AB20: 선결제 | AC20: 조건부무료 | AD20: \3,000 | AE20: \0 | AF20: \0 | AG20: ######## | AH20: 신용카드 간편결제 | AI20: MOBILE | AJ20: -401 | AK20: -147 | AL20: \14,172
A21: 2026041458487911 | B21: 2026041475779181 | C21: 2026.04.29 14:24 | D21: 스마트스토어 | E21: 구매확정 | F21: 이하연 | G21: hayo****** | H21: 이하연 | I21: 2026.04.28 15:12 | J21: 택배,등기,소포 | K21: 로젠택배 | L21: 92234493691 | M21: 2026.04.29 11:25 | N21: 9927394880 | O21: [영이 공구x베럴즈] PAW PAW TOWEL 특가 | P21: 조합형옵션상품 | Q21: 1~5개 | R21: 2 | S21: \9,500 | T21: \0 | U21: \4,180 | V21: \4,180 | W21: \14,820 | AA21: 2026041483121993 | AB21: 선결제 | AC21: 조건부무료 | AD21: \3,000 | AE21: \0 | AF21: \0 | AG21: ######## | AH21: 신용카드 간편결제 | AI21: MOBILE | AJ21: -404 | AK21: -148 | AL21: \14,268
A22: 2026041455345491 | B22: 2026041473802621 | C22: 2026.04.24 03:11 | D22: 스마트스토어 | E22: 구매확정 | F22: 김지현 | G22: ske3**** | H22: 김지현 | I22: 2026.04.15 18:33 | J22: 택배,등기,소포 | K22: 로젠택배 | L22: 92234045481 | M22: 2026.04.16 15:08 | N22: 9927394880 | O22: [영이 공구x베럴즈] PAW PAW TOWEL 특가 | P22: 조합형옵션상품 | Q22: 1~5개 | R22: 2 | S22: \9,500 | T22: \0 | U22: \4,280 | V22: \4,280 | W22: \14,720 | AA22: 2026041482741652 | AB22: 선결제 | AC22: 조건부무료 | AD22: \3,000 | AE22: \0 | AF22: \0 | AG22: ######## | AH22: 신용카드 간편결제 | AI22: MOBILE | AJ22: -401 | AK22: -147 | AL22: \14,172
A23: 2026041450951111 | B23: 2026041470967851 | C23: 2026.04.24 02:36 | D23: 스마트스토어 | E23: 구매확정 | F23: 성은지 | G23: sung******** | H23: 성은지 | I23: 2026.04.15 18:33 | J23: 택배,등기,소포 | K23: 로젠택배 | L23: 92234045234 | M23: 2026.04.16 13:15 | N23: 9927394880 | O23: [영이 공구x베럴즈] PAW PAW TOWEL 특가 | P23: 단일상품 | Q23: 1~5개 | R23: 2 | S23: \9,500 | T23: \0 | U23: \4,280 | V23: \4,280 | W23: \14,720 | AA23: 2026041482198069 | AB23: 선결제 | AC23: 조건부무료 | AD23: \3,000 | AE23: \0 | AF23: \0 | AG23: ######## | AH23: 신용카드 간편결제 | AI23: MOBILE | AJ23: -401 | AK23: -147 | AL23: \14,172
A24: 2026041451527641 | B24: 2026041471343551 | C24: 2026.04.24 02:35 | D24: 스마트스토어 | E24: 구매확정 | F24: 권경선 | G24: gywl**** | H24: 권경선 | I24: 2026.04.15 18:33 | J24: 택배,등기,소포 | K24: 로젠택배 | L24: 92234045282 | M24: 2026.04.16 16:20 | N24: 9927394880 | O24: [영이 공구x베럴즈] PAW PAW TOWEL 특가 | P24: 단일상품 | Q24: 1~5개 | R24: 2 | S24: \9,500 | T24: \0 | U24: \4,180 | V24: \4,180 | W24: \14,820 | AA24: 2.0260415e+15 | AB24: 선결제 | AC24: 조건부무료 | AD24: \3,000 | AE24: \0 | AF24: \0 | AG24: ######## | AH24: 신용카드 간편결제 | AI24: MOBILE | AJ24: -404 | AK24: -148 | AL24: \14,268
A25: 2026041959831721 | B25: 2026041916753661 | C25: 2026.04.30 02:25 | D25: 스마트스토어 | E25: 구매확정 | F25: 정윤하 | G25: re**** | H25: 정윤하 | I25: 2026.04.21 15:27 | J25: 택배,등기,소포 | K25: 로젠택배 | L25: 92234241271 | M25: 2026.04.22 11:16 | N25: 10565999120 | O25: [영이 공구x베럴즈] 이케코백 5종 특가 | P25: 조합형옵션상품 | Q25: 사이즈: ML / 색상: 체크 블루 | R25: 1 | S25: \119,000 | T25: \7,500 | U25: \29,750 | V25: \29,750 | W25: \96,750 | AA25: 2026041996323233 | AB25: 무료 | AC25: 조건부무료 | AD25: \0 | AE25: \0 | AF25: \0 | AG25: ######## | AH25: 신용카드 간편결제 | AI25: MOBILE | AJ25: -2638 | AK25: -967 | AL25: \93,145
A26: 2026041813540091 | B26: 2026041875160741 | C26: 2026.04.24 22:17 | D26: 스마트스토어 | E26: 구매확정 | F26: 김미경 | G26: jsk8*** | H26: 김미경 | I26: 2026.04.20 16:45 | J26: 택배,등기,소포 | K26: 로젠택배 | L26: 92234205781 | M26: 2026.04.21 13:13 | N26: 8680767721 | O26: [영이 공구x베럴즈] 마틴게일 목줄 (6종) | P26: 조합형옵션상품 | Q26: 컬러: 베지프렌즈 / 사이즈: M | R26: 1 | S26: \22,000 | T26: \0 | U26: \6,600 | V26: \6,600 | W26: \15,400 | AA26: 2026041893296522 | AB26: 무료 | AC26: 조건부무료 | AD26: \0 | AE26: \0 | AF26: \0 | AG26: ######## | AH26: 신용카드 간편결제 | AI26: MOBILE | AJ26: -420 | AK26: -154 | AL26: \14,826
A27: 2026041621295811 | B27: 2026041620397351 | C27: 2026.04.18 12:57 | D27: 스마트스토어 | E27: 구매확정 | F27: 이금정 | G27: fanc***** | H27: 이금정 | I27: 2026.04.16 16:11 | J27: 택배,등기,소포 | K27: 로젠택배 | L27: 92234100932 | M27: 2026.04.17 16:19 | N27: 10439130559 | O27: [영이 공구x베럴즈] 리쉬 (6종) | P27: 조합형옵션상품 | Q27: 컬러: 베지프렌즈 / 길이: 1.2M | R27: 1 | S27: \19,000 | T27: \0 | U27: \5,700 | V27: \5,700 | W27: \13,300 | AA27: 2026041688259094 | AB27: 무료 | AC27: 조건부무료 | AD27: \0 | AE27: \0 | AF27: \0 | AG27: ######## | AH27: 신용카드 간편결제 | AI27: MOBILE | AJ27: -362 | AK27: -399 | AL27: \12,539
A28: 2026041652943311 | B28: 2026041641332131 | C28: 2026.04.21 08:37 | D28: 스마트스토어 | E28: 구매확정 | F28: 류훈선 | G28: come******** | H28: 류훈선 | I28: 2026.04.17 16:11 | J28: 택배,등기,소포 | K28: 로젠택배 | L28: 92234140084 | M28: 2026.04.18 16:15 | N28: 8680767721 | O28: [영이 공구x베럴즈] 마틴게일 목줄 (6종) | P28: 조합형옵션상품 | Q28: 컬러: 베지프렌즈 / 사이즈: M | R28: 1 | S28: \22,000 | T28: \0 | U28: \6,600 | V28: \6,600 | W28: \15,400 | AA28: 2026041690167727 | AB28: 무료 | AC28: 조건부무료 | AD28: \0 | AE28: \0 | AF28: \0 | AG28: ######## | AH28: 신용카드 간편결제 | AI28: MOBILE | AJ28: -420 | AK28: -154 | AL28: \14,826
A29: 2026041453999501 | B29: 2026041472952691 | C29: 2026.04.24 02:35 | D29: 스마트스토어 | E29: 구매확정 | F29: 조율하 | G29: so74**** | H29: 조율하 | I29: 2026.04.15 18:33 | J29: 택배,등기,소포 | K29: 로젠택배 | L29: 92234045352 | M29: 2026.04.16 13:54 | N29: 9927394880 | O29: [영이 공구x베럴즈] PAW PAW TOWEL 특가 | P29: 조합형옵션상품 | Q29: 1~5개 | R29: 2 | S29: \9,500 | T29: \0 | U29: \4,180 | V29: \4,180 | W29: \14,820 | AA29: 2026041482578079 | AB29: 선결제 | AC29: 조건부무료 | AD29: \3,000 | AE29: \0 | AF29: \0 | AG29: ######## | AH29: 신용카드 간편결제 | AI29: MOBILE | AJ29: -404 | AK29: -148 | AL29: \14,268
A30: 2026041449985561 | B30: 2026041470333321 | C30: 2026.04.22 06:31 | D30: 스마트스토어 | E30: 구매확정 | F30: 박미정 | G30: qwsd**** | H30: 박미정 | I30: 2026.04.15 18:33 | J30: 택배,등기,소포 | K30: 로젠택배 | L30: 92234045186 | M30: 2026.04.16 15:08 | N30: 9927394880 | O30: [영이 공구x베럴즈] PAW PAW TOWEL 특가 | P30: 단일상품 | Q30: 1~5개 | R30: 2 | S30: \9,500 | T30: \0 | U30: \4,280 | V30: \4,280 | W30: \14,720 | AA30: 2026041482077055 | AB30: 선결제 | AC30: 조건부무료 | AD30: \3,000 | AE30: \0 | AF30: \0 | AG30: ######## | AH30: 신용카드 간편결제 | AI30: MOBILE | AJ30: -401 | AK30: -147 | AL30: \14,172
A31: 2026041455671551 | B31: 2026041474006181 | C31: 2026.04.21 22:48 | D31: 스마트스토어 | E31: 구매확정 | F31: 김송이 | G31: ks**** | H31: 김송이 | I31: 2026.04.15 18:33 | J31: 택배,등기,소포 | K31: 로젠택배 | L31: 92234045525 | M31: 2026.04.16 15:08 | N31: 9927394880 | O31: [영이 공구x베럴즈] PAW PAW TOWEL 특가 | P31: 조합형옵션상품 | Q31: 1~5개 | R31: 2 | S31: \9,500 | T31: \0 | U31: \4,280 | V31: \4,280 | W31: \14,720 | AA31: 2026041482780571 | AB31: 선결제 | AC31: 조건부무료 | AD31: \3,000 | AE31: \0 | AF31: \0 | AG31: ######## | AH31: 계좌 간편결제 | AI31: MOBILE | AJ31: -400 | AK31: -147 | AL31: \14,173
A32: 2026041453367061 | B32: 2026041472542821 | C32: 2026.04.19 11:25 | D32: 스마트스토어 | E32: 구매확정 | F32: 김혜정 | G32: chri***** | H32: 김혜정 | I32: 2026.04.15 18:33 | J32: 택배,등기,소포 | K32: 로젠택배 | L32: 92234045326 | M32: 2026.04.16 16:09 | N32: 9927394880 | O32: [영이 공구x베럴즈] PAW PAW TOWEL 특가 | P32: 단일상품 | Q32: 1~5개 | R32: 2 | S32: \9,500 | T32: \0 | U32: \4,280 | V32: \4,280 | W32: \14,720 | AA32: 2026041482499265 | AB32: 선결제 | AC32: 조건부무료 | AD32: \3,000 | AE32: \0 | AF32: \0 | AG32: ######## | AH32: 포인트결제 | AI32: MOBILE | AJ32: -401 | AK32: -147 | AL32: \14,172
A33: 2026041455797031 | B33: 2026041474084481 | C33: 2026.04.18 17:07 | D33: 스마트스토어 | E33: 구매확정 | F33: 김선민 | G33: alsd***** | H33: 김선민 | I33: 2026.04.15 15:28 | J33: 택배,등기,소포 | K33: 로젠택배 | L33: 91970128106 | M33: 2026.04.16 15:08 | N33: 9927394880 | O33: [영이 공구x베럴즈] PAW PAW TOWEL 특가 | P33: 조합형옵션상품 | Q33: 1~5개 | R33: 2 | S33: \9,500 | T33: \0 | U33: \4,280 | V33: \4,280 | W33: \14,720 | AA33: 2026041482795388 | AB33: 선결제 | AC33: 조건부무료 | AD33: \3,000 | AE33: \0 | AF33: \0 | AG33: ######## | AH33: 신용카드 간편결제 | AI33: MOBILE | AJ33: -401 | AK33: -147 | AL33: \14,172
A34: 2026041450986701 | B34: 2026041470990721 | C34: 2026.04.18 15:13 | D34: 스마트스토어 | E34: 구매확정 | F34: 유지연 | G34: ziyu*** | H34: 유지연 | I34: 2026.04.15 18:33 | J34: 택배,등기,소포 | K34: 로젠택배 | L34: 92234045245 | M34: 2026.04.16 11:19 | N34: 9927394880 | O34: [영이 공구x베럴즈] PAW PAW TOWEL 특가 | P34: 단일상품 | Q34: 1~5개 | R34: 2 | S34: \9,500 | T34: \0 | U34: \4,280 | V34: \4,280 | W34: \14,720 | AA34: 2026041482202561 | AB34: 선결제 | AC34: 조건부무료 | AD34: \3,000 | AE34: \0 | AF34: \0 | AG34: ######## | AH34: 머니결제 | AI34: MOBILE | AJ34: -401 | AK34: -147 | AL34: \14,172
A35: 2026040918128651 | B35: 2026040918538281 | C35: 2026.04.18 01:35 | D35: 스마트스토어 | E35: 구매확정 | F35: 김호진 | G35: khj7**** | H35: 박현주 | I35: 2026.04.09 13:15 | J35: 택배,등기,소포 | K35: 로젠택배 | L35: 92233858566 | M35: 2026.04.10 13:11 | N35: 9927394880 | O35: [영이 공구x베럴즈] PAW PAW TOWEL 특가 | P35: 단일상품 | Q35: 1~5개 | R35: 2 | S35: \9,500 | T35: \0 | U35: \4,180 | V35: \4,180 | W35: \14,820 | AA35: 2026040954973943 | AB35: 무료 | AC35: 조건부무료 | AD35: \0 | AE35: \0 | AF35: \0 | AG35: ######## | AH35: 신용카드 간편결제 | AI35: PC | AJ35: -404 | AK35: -148 | AL35: \14,268
A36: 2026041451185841 | B36: 2026041471120581 | C36: 2026.04.17 18:32 | D36: 스마트스토어 | E36: 구매확정 | F36: 박은진 | G36: mwej***** | H36: 박은진 | I36: 2026.04.15 18:33 | J36: 택배,등기,소포 | K36: 로젠택배 | L36: 92234045256 | M36: 2026.04.17 13:26 | N36: 9927394880 | O36: [영이 공구x베럴즈] PAW PAW TOWEL 특가 | P36: 단일상품 | Q36: 1~5개 | R36: 2 | S36: \9,500 | T36: \0 | U36: \4,280 | V36: \4,280 | W36: \14,720 | AA36: 2026041482227649 | AB36: 선결제 | AC36: 조건부무료 | AD36: \3,000 | AE36: \0 | AF36: \0 | AG36: ######## | AH36: 신용카드 간편결제 | AI36: MOBILE | AJ36: -401 | AK36: -147 | AL36: \14,172
... A49: 2026041621295801 | B49: 2026041620397351 | C49: 2026.04.18 12:57 | D49: 스마트스토어 | E49: 구매확정 | F49: 이금정 | G49: fanc***** | H49: 이금정 | I49: 2026.04.16 16:11 | J49: 택배,등기,소포 | K49: 로젠택배 | L49: 92234100932 | M49: 2026.04.17 16:19 | N49: 8680767721 | O49: [영이 공구x베럴즈] 마틴게일 목줄 (6종) | P49: 조합형옵션상품 | Q49: 컬러: 베지프렌즈 / 사이즈: S | R49: 1 | S49: \22,000 | T49: \0 | U49: \6,600 | V49: \6,600 | W49: \15,400 | AA49: 2026041688259094 | AB49: 무료 | AC49: 조건부무료 | AD49: \0 | AE49: \0 | AF49: \0 | AG49: ######## | AH49: 신용카드 간편결제 | AI49: MOBILE | AJ49: -419 | AK49: -462 | AL49: \14,519
A50: 2026040925316821 | B50: 2026040923257001 | C50: 2026.04.18 01:59 | D50: 스마트스토어 | E50: 구매확정 | F50: 김혜미 | G50: gpal**** | H50: 김혜미 | I50: 2026.04.09 15:15 | J50: 택배,등기,소포 | K50: 로젠택배 | L50: 92233872286 | M50: 2026.04.10 09:11 | N50: 8680767721 | O50: [영이 공구x베럴즈] 마틴게일 목줄 (6종) | P50: 조합형옵션상품 | Q50: 컬러: 베지프렌즈 / 사이즈: S | R50: 1 | S50: \22,000 | T50: \0 | U50: \6,600 | V50: \6,600 | W50: \15,400 | AA50: 2.026041e+15 | AB50: 무료 | AC50: 조건부무료 | AD50: \0 | AE50: \0 | AF50: \0 | AG50: ######## | AH50: 신용카드 간편결제 | AI50: MOBILE | AJ50: -419 | AK50: -154 | AL50: \14,827
A51: 2026041763639211 | B51: 2026041748306411 | C51: 2026.04.18 22:03 | D51: 스마트스토어 | E51: 구매확정 | F51: 김혜원 | G51: 1222****** | H51: 호평한화 | I51: 2026.04.17 16:11 | J51: 택배,등기,소포 | K51: 로젠택배 | L51: 92234140202 | M51: 2026.04.18 13:09 | N51: 10439130559 | O51: [영이 공구x베럴즈] 리쉬 (6종) | P51: 조합형옵션상품 | Q51: 컬러: 베지프렌즈 / 길이: 1.2M | R51: 1 | S51: \19,000 | T51: \0 | U51: \5,800 | V51: \5,800 | W51: \13,200 | AA51: 2026041790819257 | AB51: 무료 | AC51: 조건부무료 | AD51: \0 | AE51: \0 | AF51: \0 | AG51: ######## | AH51: 신용카드 간편결제 | AI51: MOBILE | AJ51: -360 | AK51: -396 | AL51: \12,444
A52: 2026041939642201 | B52: 2026041992974441 | C52: 2026.04.24 23:04 | D52: 스마트스토어 | E52: 구매확정 | F52: 김운주 | G52: s404**** | H52: 김운주 | I52: 2026.04.20 14:49 | J52: 택배,등기,소포 | K52: 로젠택배 | L52: 92234206256 | M52: 2026.04.22 11:40 | N52: 10565999120 | O52: [영이 공구x베럴즈] 이케코백 5종 특가 | P52: 조합형옵션상품 | Q52: 사이즈: ML / 색상: 체크 블루 | R52: 1 | S52: \119,000 | T52: \7,500 | U52: \29,850 | V52: \29,850 | W52: \96,650 | AA52: 2.026042e+15 | AB52: 선결제 | AC52: 조건부무료 | AD52: \3,000 | AE52: \3,000 | AF52: \0 | AG52: ######## | AH52: 머니결제 | AI52: MOBILE | AJ52: -2636 | AK52: -966 | AL52: \93,048
A53: 2026041822123581 | B53: 2026041881240001 | C53: 2026.04.23 10:52 | D53: 스마트스토어 | E53: 구매확정 | F53: 이지영 | G53: apff******* | H53: 이지영 | I53: 2026.04.20 14:49 | J53: 택배,등기,소포 | K53: 로젠택배 | L53: 92234206820 | M53: 2026.04.21 21:27 | N53: 10565999120 | O53: [영이 공구x베럴즈] 이케코백 5종 특가 | P53: 조합형옵션상품 | Q53: 사이즈: ML / 색상: 체크 블루 | R53: 1 | S53: \119,000 | T53: \7,500 | U53: \29,750 | V53: \29,750 | W53: \96,750 | AA53: 2026041893881047 | AB53: 무료 | AC53: 조건부무료 | AD53: \0 | AE53: \0 | AF53: \0 | AG53: ######## | AH53: 신용카드 간편결제 | AI53: MOBILE | AJ53: -2639 | AK53: -2902 | AL53: \91,209
A54: 2026041934674141 | B54: 2026041989583561 | C54: 2026.04.22 19:47 | D54: 스마트스토어 | E54: 구매확정 | F54: 서선영 | G54: paiz**** | H54: 서선영 | I54: 2026.04.20 16:45 | J54: 택배,등기,소포 | K54: 로젠택배 | L54: 92234220234 | M54: 2026.04.21 13:13 | N54: 10565999120 | O54: [영이 공구x베럴즈] 이케코백 5종 특가 | P54: 조합형옵션상품 | Q54: 사이즈: ML / 색상: 체크 블루 | R54: 1 | S54: \119,000 | T54: \7,500 | U54: \29,850 | V54: \29,850 | W54: \96,650 | AA54: 2026041994672861 | AB54: 무료 | AC54: 조건부무료 | AD54: \0 | AE54: \0 | AF54: \0 | AG54: ######## | AH54: 머니결제 | AI54: MOBILE | AJ54: -2636 | AK54: -966 | AL54: \93,048
A55: 2026041780154541 | B55: 2026041759079771 | C55: 2026.04.22 09:21 | D55: 스마트스토어 | E55: 구매확정 | F55: 윤정민 | G55: unum**** | H55: 윤정민 | I55: 2026.04.20 16:45 | J55: 택배,등기,소포 | K55: 로젠택배 | L55: 92234220245 | M55: 2026.04.21 11:27 | N55: 10565999120 | O55: [영이 공구x베럴즈] 이케코백 5종 특가 | P55: 조합형옵션상품 | Q55: 사이즈: ML / 색상: 체크 블루 | R55: 1 | S55: \119,000 | T55: \7,500 | U55: \29,750 | V55: \29,750 | W55: \96,750 | AA55: 2026041791803801 | AB55: 무료 | AC55: 조건부무료 | AD55: \0 | AE55: \0 | AF55: \0 | AG55: ######## | AH55: 머니결제 | AI55: MOBILE | AJ55: -2639 | AK55: -967 | AL55: \93,144
A56: 2026041373304091 | B56: 2026041326354121 | C56: 2026.04.22 03:45 | D56: 스마트스토어 | E56: 구매확정 | F56: 박민경 | G56: mkpa****** | H56: 박민경 | I56: 2026.04.13 16:16 | J56: 택배,등기,소포 | K56: 로젠택배 | L56: 92233972902 | M56: 2026.04.14 10:43 | N56: 10565999120 | O56: [영이 공구x베럴즈] 이케코백 5종 특가 | P56: 조합형옵션상품 | Q56: 사이즈: ML / 색상: 체크 블루 | R56: 1 | S56: \119,000 | T56: \7,500 | U56: \29,850 | V56: \29,850 | W56: \96,650 | AA56: 2026041373674507 | AB56: 무료 | AC56: 조건부무료 | AD56: \0 | AE56: \0 | AF56: \0 | AG56: ######## | AH56: 신용카드 간편결제 | AI56: MOBILE | AJ56: -2636 | AK56: -2899 | AL56: \91,115
A57: 2026041073425791 | B57: 2026041055644091 | C57: 2026.04.22 03:31 | D57: 스마트스토어 | E57: 구매확정 | F57: 최선우 | G57: wpdm***** | H57: 김제은 | I57: 2026.04.13 14:01 | J57: 택배,등기,소포 | K57: 로젠택배 | L57: 92233941682 | M57: 2026.04.14 16:29 | N57: 10439130559 | O57: [영이 공구x베럴즈] 리쉬 (6종) | P57: 조합형옵션상품 | Q57: 컬러: 베지프렌즈 / 길이: 2M | R57: 1 | S57: \19,000 | T57: \2,100 | U57: \5,700 | V57: \5,700 | W57: \15,400 | AA57: 2026041061991363 | AB57: 무료 | AC57: 조건부무료 | AD57: \0 | AE57: \0 | AF57: \0 | AG57: ######## | AH57: 신용카드 | AI57: MOBILE | AJ57: -420 | AK57: -462 | AL57: \14,518
A58: 2026040943569351 | B58: 2026040935536891 | C58: 2026.04.19 02:04 | D58: 스마트스토어 | E58: 구매확정 | F58: 김혜지 | G58: kimh******** | H58: 김혜지 | I58: 2026.04.10 14:26 | J58: 택배,등기,소포 | K58: 로젠택배 | L58: 92233899881 | M58: 2026.04.11 13:09 | N58: 10439130559 | O58: [영이 공구x베럴즈] 리쉬 (6종) | P58: 조합형옵션상품 | Q58: 컬러: 베지프렌즈 / 길이: 2M | R58: 1 | S58: \19,000 | T58: \2,100 | U58: \5,700 | V58: \5,700 | W58: \15,400 | AA58: 2026040958183037 | AB58: 무료 | AC58: 조건부무료 | AD58: \0 | AE58: \0 | AF58: \0 | AG58: ######## | AH58: 신용카드 간편결제 | AI58: MOBILE | AJ58: -420 | AK58: -462 | AL58: \14,518
A59: 2026040925316831 | B59: 2026040923257001 | C59: 2026.04.18 01:59 | D59: 스마트스토어 | E59: 구매확정 | F59: 김혜미 | G59: gpal**** | H59: 김혜미 | I59: 2026.04.09 15:15 | J59: 택배,등기,소포 | K59: 로젠택배 | L59: 92233872286 | M59: 2026.04.10 09:11 | N59: 10439130559 | O59: [영이 공구x베럴즈] 리쉬 (6종) | P59: 조합형옵션상품 | Q59: 컬러: 베지프렌즈 / 길이: 2M | R59: 1 | S59: \19,000 | T59: \2,100 | U59: \5,800 | V59: \5,800 | W59: \15,300 | AA59: 2.026041e+15 | AB59: 무료 | AC59: 조건부무료 | AD59: \0 | AE59: \0 | AF59: \0 | AG59: ######## | AH59: 신용카드 간편결제 | AI59: MOBILE | AJ59: -416 | AK59: -153 | AL59: \14,731
A60: 2026041311132831 | B60: 2026041344856951 | C60: 2026.04.16 21:09 | D60: 스마트스토어 | E60: 구매확정 | F60: 노수빈 | G60: shtn***** | H60: 노수빈 | I60: 2026.04.14 15:55 | J60: 택배,등기,소포 | K60: 로젠택배 | L60: 92233996551 | M60: 2026.04.15 11:24 | N60: 8680767721 | O60: [영이 공구x베럴즈] 마틴게일 목줄 (6종) | P60: 조합형옵션상품 | Q60: 컬러: 베지프렌즈 / 사이즈: S | R60: 1 | S60: \22,000 | T60: \0 | U60: \6,600 | V60: \6,600 | W60: \15,400 | AA60: 2026041377206666 | AB60: 무료 | AC60: 조건부무료 | AD60: \0 | AE60: \0 | AF60: \0 | AG60: ######## | AH60: 신용카드 간편결제 | AI60: MOBILE | AJ60: -420 | AK60: -154 | AL60: \14,826
A61: 2026041249243681 | B61: 2026041210789251 | C61: 2026.04.16 18:29 | D61: 스마트스토어 | E61: 구매확정 | F61: 김수정 | G61: suju******** | H61: 김수정 | I61: 2026.04.13 14:01 | J61: 택배,등기,소포 | K61: 로젠택배 | L61: 92233941800 | M61: 2026.04.14 13:11 | N61: 10439130559 | O61: [영이 공구x베럴즈] 리쉬 (6종) | P61: 조합형옵션상품 | Q61: 컬러: 베지프렌즈 / 길이: 2M | R61: 1 | S61: \19,000 | T61: \2,100 | U61: \5,800 | V61: \5,800 | W61: \15,300 | AA61: 2026041270651011 | AB61: 무료 | AC61: 조건부무료 | AD61: \0 | AE61: \0 | AF61: \0 | AG61: ######## | AH61: 신용카드 | AI61: MOBILE | AJ61: -417 | AK61: -153 | AL61: \14,730
A62: 2026041249243671 | B62: 2026041210789251 | C62: 2026.04.16 18:29 | D62: 스마트스토어 | E62: 구매확정 | F62: 김수정 | G62: suju******** | H62: 김수정 | I62: 2026.04.13 14:01 | J62: 택배,등기,소포 | K62: 로젠택배 | L62: 92233941800 | M62: 2026.04.14 13:11 | N62: 8680767721 | O62: [영이 공구x베럴즈] 마틴게일 목줄 (6종) | P62: 조합형옵션상품 | Q62: 컬러: 베지프렌즈 / 사이즈: S | R62: 1 | S62: \22,000 | T62: \0 | U62: \6,600 | V62: \6,600 | W62: \15,400 | AA62: 2026041270651011 | AB62: 무료 | AC62: 조건부무료 | AD62: \0 | AE62: \0 | AF62: \0 | AG62: ######## | AH62: 신용카드 | AI62: MOBILE | AJ62: -420 | AK62: -154 | AL62: \14,826
A63: 2026041813540081 | B63: 2026041875160741 | C63: 2026.04.24 22:17 | D63: 스마트스토어 | E63: 구매확정 | F63: 김미경 | G63: jsk8*** | H63: 김미경 | I63: 2026.04.20 16:45 | J63: 택배,등기,소포 | K63: 로젠택배 | L63: 92234205781 | M63: 2026.04.21 13:13 | N63: 10439130559 | O63: [영이 공구x베럴즈] 리쉬 (6종) | P63: 조합형옵션상품 | Q63: 컬러: 베지프렌즈 / 길이: 2M | R63: 1 | S63: \19,000 | T63: \2,100 | U63: \5,700 | V63: \5,700 | W63: \15,400 | AA63: 2026041893296522 | AB63: 무료 | AC63: 조건부무료 | AD63: \0 | AE63: \0 | AF63: \0 | AG63: ######## | AH63: 신용카드 간편결제 | AI63: MOBILE | AJ63: -420 | AK63: -154 | AL63: \14,826
A64: 2026041069533771 | B64: 2026041052956831 | C64: 2026.04.15 13:41 | D64: 스마트스토어 | E64: 구매확정 | F64: 윤보영 | G64: booy*** | H64: 윤보영 | I64: 2026.04.13 14:01 | J64: 택배,등기,소포 | K64: 로젠택배 | L64: 92233941671 | M64: 2026.04.14 16:57 | N64: 8680767721 | O64: [영이 공구x베럴즈] 마틴게일 목줄 (6종) | P64: 조합형옵션상품 | Q64: 컬러: 베지프렌즈 / 사이즈: S | R64: 1 | S64: \22,000 | T64: \0 | U64: \6,600 | V64: \6,600 | W64: \15,400 | AA64: 2026041061481878 | AB64: 무료 | AC64: 조건부무료 | AD64: \0 | AE64: \0 | AF64: \0 | AG64: ######## | AH64: 신용카드 간편결제 | AI64: MOBILE | AJ64: -420 | AK64: -154 | AL64: \14,826
A65: 2026040928025431 | B65: 2026040925007801 | C65: 2026.04.12 18:34 | D65: 스마트스토어 | E65: 구매확정 | F65: 남궁솔잎 | G65: sn**** | H65: 기혁 | I65: 2026.04.10 14:26 | J65: 택배,등기,소포 | K65: 로젠택배 | L65: 92233899833 | M65: 2026.04.11 13:12 | N65: 8680767721 | O65: [영이 공구x베럴즈] 마틴게일 목줄 (6종) | P65: 조합형옵션상품 | Q65: 컬러: 베지프렌즈 / 사이즈: S | R65: 1 | S65: \22,000 | T65: \0 | U65: \6,600 | V65: \6,600 | W65: \15,400 | AA65: 2026040956205099 | AB65: 무료 | AC65: 조건부무료 | AD65: \0 | AE65: \0 | AF65: \0 | AG65: ######## | AH65: 신용카드 간편결제 | AI65: MOBILE | AJ65: -419 | AK65: -462 | AL65: \14,519
A66: 2026041652943301 | B66: 2026041641332131 | C66: 2026.04.21 08:37 | D66: 스마트스토어 | E66: 구매확정 | F66: 류훈선 | G66: come******** | H66: 류훈선 | I66: 2026.04.17 16:11 | J66: 택배,등기,소포 | K66: 로젠택배 | L66: 92234140084 | M66: 2026.04.18 16:15 | N66: 10439130559 | O66: [영이 공구x베럴즈] 리쉬 (6종) | P66: 조합형옵션상품 | Q66: 컬러: 베지프렌즈 / 길이: 2M | R66: 1 | S66: \19,000 | T66: \2,100 | U66: \5,800 | V66: \5,800 | W66: \15,300 | AA66: 2026041690167727 | AB66: 무료 | AC66: 조건부무료 | AD66: \0 | AE66: \0 | AF66: \0 | AG66: ######## | AH66: 신용카드 간편결제 | AI66: MOBILE | AJ66: -417 | AK66: -153 | AL66: \14,730
A67: 2026041581700021 | B67: 2026041590985781 | C67: 2026.04.24 02:41 | D67: 스마트스토어 | E67: 구매확정 | F67: 백벗소유 | G67: buts*** | H67: 백벗소유 | I67: 2026.04.15 18:33 | J67: 택배,등기,소포 | K67: 로젠택배 | L67: 92234059536 | M67: 2026.04.16 11:19 | N67: 10439130559 | O67: [영이 공구x베럴즈] 리쉬 (6종) | P67: 조합형옵션상품 | Q67: 컬러: 체크라일락 / 길이: 1.2M | R67: 1 | S67: \19,000 | T67: \0 | U67: \5,700 | V67: \5,700 | W67: \13,300 | AA67: 2026041585955802 | AB67: 무료 | AC67: 조건부무료 | AD67: \0 | AE67: \0 | AF67: \0 | AG67: ######## | AH67: 머니결제 | AI67: MOBILE | AJ67: -362 | AK67: -133 | AL67: \12,805
A68: 2026041232557231 | B68: 2026041289300641 | C68: 2026.04.22 03:36 | D68: 스마트스토어 | E68: 구매확정 | F68: 최경희 | G68: rhdg***** | H68: 최경희 | I68: 2026.04.13 14:01 | J68: 택배,등기,소포 | K68: 로젠택배 | L68: 92233941833 | M68: 2026.04.14 21:48 | N68: 10565999120 | O68: [영이 공구x베럴즈] 이케코백 5종 특가 | P68: 조합형옵션상품 | Q68: 사이즈: ML / 색상: 체크 블루 | R68: 1 | S68: \119,000 | T68: \7,500 | U68: \29,750 | V68: \29,750 | W68: \96,750 | AA68: 2026041268424872 | AB68: 무료 | AC68: 조건부무료 | AD68: \0 | AE68: \0 | AF68: \0 | AG68: ######## | AH68: 신용카드 간편결제 | AI68: MOBILE | AJ68: -2639 | AK68: -967 | AL68: \93,144
A69: 2026041184484421 | B69: 2026041163257901 | C69: 2026.04.22 02:58 | D69: 스마트스토어 | E69: 구매확정 | F69: 함영원 | G69: hyo0*** | H69: 함영원 | I69: 2026.04.13 14:01 | J69: 택배,등기,소포 | K69: 로젠택배 | L69: 92233942021 | M69: 2026.04.14 16:29 | N69: 10565999120 | O69: [영이 공구x베럴즈] 이케코백 5종 특가 | P69: 조합형옵션상품 | Q69: 사이즈: ML / 색상: 체크 블루 | R69: 1 | S69: \119,000 | T69: \7,500 | U69: \29,750 | V69: \29,750 | W69: \96,750 | AA69: 2026041163421243 | AB69: 무료 | AC69: 조건부무료 | AD69: \0 | AE69: \0 | AF69: \0 | AG69: ######## | AH69: 머니결제 | AI69: MOBILE | AJ69: -2639 | AK69: -2902 | AL69: \91,209
A70: 2026041826816931 | B70: 2026041884542751 | C70: 2026.04.21 21:58 | D70: 스마트스토어 | E70: 구매확정 | F70: 맹예진 | G70: zo**** | H70: 박연호 | I70: 2026.04.20 14:49 | J70: 택배,등기,소포 | K70: 로젠택배 | L70: 92234206805 | M70: 2026.04.21 13:21 | N70: 10565999120 | O70: [영이 공구x베럴즈] 이케코백 5종 특가 | P70: 조합형옵션상품 | Q70: 사이즈: ML / 색상: 체크 블루 | R70: 1 | S70: \119,000 | T70: \7,500 | U70: \29,750 | V70: \29,750 | W70: \96,750 | AA70: 2026041894196774 | AB70: 무료 | AC70: 조건부무료 | AD70: \0 | AE70: \0 | AF70: \0 | AG70: ######## | AH70: 신용카드 간편결제 | AI70: MOBILE | AJ70: -2639 | AK70: -967 | AL70: \93,144
A71: 2026041934753041 | B71: 2026041989633841 | C71: 2026.04.21 18:38 | D71: 스마트스토어 | E71: 구매확정 | F71: 윤성희 | G71: 1zzz*** | H71: 윤성희 | I71: 2026.04.20 14:49 | J71: 택배,등기,소포 | K71: 로젠택배 | L71: 92234206260 | M71: 2026.04.21 11:27 | N71: 10565999120 | O71: [영이 공구x베럴즈] 이케코백 5종 특가 | P71: 조합형옵션상품 | Q71: 사이즈: ML / 색상: 체크 블루 | R71: 1 | S71: \119,000 | T71: \7,500 | U71: \32,850 | V71: \29,850 | W71: \93,650 | AA71: 2026041994677639 | AB71: 무료 | AC71: 조건부무료 | AD71: \0 | AE71: \0 | AF71: \0 | AG71: ######## | AH71: 신용카드 간편결제 | AI71: MOBILE | AJ71: -2635 | AK71: -966 | AL71: \93,049
... A73: 2026041768141151 | B73: 2026041751244901 | C73: 2026.04.26 02:34 | D73: 스마트스토어 | E73: 구매확정 | F73: 심재해 | G73: 0tla***** | H73: 재해 | I73: 2026.04.17 16:11 | J73: 택배,등기,소포 | K73: 로젠택배 | L73: 92234140224 | M73: 2026.04.18 16:13 | N73: 8680767721 | O73: [영이 공구x베럴즈] 마틴게일 목줄 (6종) | P73: 조합형옵션상품 | Q73: 컬러: 체크라일락 / 사이즈: M | R73: 1 | S73: \22,000 | T73: \0 | U73: \6,600 | V73: \6,600 | W73: \15,400 | AA73: 2026041791088717 | AB73: 무료 | AC73: 조건부무료 | AD73: \0 | AE73: \0 | AF73: \0 | AG73: ######## | AH73: 머니결제 | AI73: MOBILE | AJ73: -420 | AK73: -154 | AL73: \14,826
A74: 2026040926042061 | B74: 2026040923719641 | C74: 2026.04.18 02:03 | D74: 스마트스토어 | E74: 구매확정 | F74: 배우리 | G74: ggom****** | H74: 배우리 | I74: 2026.04.09 15:15 | J74: 택배,등기,소포 | K74: 로젠택배 | L74: 92233872290 | M74: 2026.04.10 09:15 | N74: 10439130559 | O74: [영이 공구x베럴즈] 리쉬 (6종) | P74: 조합형옵션상품 | Q74: 컬러: 체크라일락 / 길이: 1.2M | R74: 1 | S74: \19,000 | T74: \0 | U74: \5,800 | V74: \5,800 | W74: \13,200 | AA74: 2.026041e+15 | AB74: 무료 | AC74: 조건부무료 | AD74: \0 | AE74: \0 | AF74: \0 | AG74: ######## | AH74: 신용카드 간편결제 | AI74: MOBILE | AJ74: -360 | AK74: -132 | AL74: \12,708
A75: 2026041370125481 | B75: 2026041324249251 | C75: 2026.04.14 19:37 | D75: 스마트스토어 | E75: 구매확정 | F75: 박수진 | G75: tnwl******** | H75: 박수진 | I75: 2026.04.13 14:34 | J75: 택배,등기,소포 | K75: 로젠택배 | L75: 92233972714 | M75: 2026.04.14 18:14 | N75: 10439130559 | O75: [영이 공구x베럴즈] 리쉬 (6종) | P75: 조합형옵션상품 | Q75: 컬러: 체크라일락 / 길이: 1.2M | R75: 1 | S75: \19,000 | T75: \0 | U75: \5,700 | V75: \5,700 | W75: \13,300 | AA75: 2026041373270085 | AB75: 무료 | AC75: 조건부무료 | AD75: \0 | AE75: \0 | AF75: \0 | AG75: ######## | AH75: 신용카드 간편결제 | AI75: MOBILE | AJ75: -362 | AK75: -399 | AL75: \12,539
A76: 2026041933291061 | B76: 2026041988696831 | C76: 2026.04.21 17:55 | D76: 스마트스토어 | E76: 구매확정 | F76: 배여름 | G76: blos****** | H76: 배여름(김철수) | I76: 2026.04.20 14:49 | J76: 택배,등기,소포 | K76: 로젠택배 | L76: 92234206293 | M76: 2026.04.21 16:26 | N76: 10565999120 | O76: [영이 공구x베럴즈] 이케코백 5종 특가 | P76: 조합형옵션상품 | Q76: 사이즈: ML / 색상: 체크 블루 | R76: 1 | S76: \119,000 | T76: \7,500 | U76: \29,850 | V76: \29,850 | W76: \96,650 | AA76: 2026041994589489 | AB76: 무료 | AC76: 조건부무료 | AD76: \0 | AE76: \0 | AF76: \0 | AG76: ######## | AH76: 무통장입금 | AI76: MOBILE | AJ76: -2636 | AK76: -966 | AL76: \93,048
A77: 2026040917431501 | B77: 2026040918066021 | C77: 2026.04.13 08:45 | D77: 스마트스토어 | E77: 구매확정 | F77: 손지희 | G77: sjh5*** | H77: 손지희 | I77: 2026.04.09 13:15 | J77: 택배,등기,소포 | K77: 로젠택배 | L77: 92233858544 | M77: 2026.04.10 11:13 | N77: 10439130559 | O77: [영이 공구x베럴즈] 리쉬 (6종) | P77: 조합형옵션상품 | Q77: 컬러: 체크라일락 / 길이: 1.2M | R77: 1 | S77: \19,000 | T77: \0 | U77: \5,800 | V77: \5,800 | W77: \13,200 | AA77: 2026040954886135 | AB77: 무료 | AC77: 조건부무료 | AD77: \0 | AE77: \0 | AF77: \0 | AG77: ######## | AH77: 신용카드 간편결제 | AI77: MOBILE | AJ77: -359 | AK77: -132 | AL77: \12,709
A78: 2026041654922231 | B78: 2026041642632421 | C78: 2026.04.22 19:52 | D78: 스마트스토어 | E78: 구매확정 | F78: 강다슬 | G78: eari***** | H78: 강다슬 | I78: 2026.04.17 16:20 | J78: 택배,등기,소포 | K78: 로젠택배 | L78: 92234140110 | M78: 2026.04.18 16:14 | N78: 8680767721 | O78: [영이 공구x베럴즈] 마틴게일 목줄 (6종) | P78: 조합형옵션상품 | Q78: 컬러: 체크라일락 / 사이즈: M | R78: 1 | S78: \22,000 | T78: \0 | U78: \6,600 | V78: \6,600 | W78: \15,400 | AA78: 2026041690286091 | AB78: 무료 | AC78: 조건부무료 | AD78: \0 | AE78: \0 | AF78: \0 | AG78: ######## | AH78: 신용카드 간편결제 | AI78: MOBILE | AJ78: -420 | AK78: -154 | AL78: \14,826
A79: 2026041967997371 | B79: 2026041921834941 | C79: 2026.04.29 04:37 | D79: 스마트스토어 | E79: 구매확정 | F79: 김비비안 | G79: 20**** | H79: 이서진 | I79: 2026.04.20 16:45 | J79: 택배,등기,소포 | K79: 로젠택배 | L79: 92234205733 | M79: 2026.04.21 13:13 | N79: 10439130559 | O79: [영이 공구x베럴즈] 리쉬 (6종) | P79: 조합형옵션상품 | Q79: 컬러: 체크라일락 / 길이: 1.2M | R79: 1 | S79: \19,000 | T79: \0 | U79: \5,800 | V79: \5,800 | W79: \13,200 | AA79: 2026041996810445 | AB79: 무료 | AC79: 조건부무료 | AD79: \0 | AE79: \0 | AF79: \0 | AG79: ######## | AH79: 신용카드 간편결제 | AI79: MOBILE | AJ79: -360 | AK79: -132 | AL79: \12,708
A80: 2026041763212761 | B80: 2026041748015761 | C80: 2026.04.21 22:06 | D80: 스마트스토어 | E80: 구매확정 | F80: 임수빈 | G80: subi***** | H80: 임수빈 | I80: 2026.04.17 16:11 | J80: 택배,등기,소포 | K80: 로젠택배 | L80: 92234140191 | M80: 2026.04.18 11:14 | N80: 8680767721 | O80: [영이 공구x베럴즈] 마틴게일 목줄 (6종) | P80: 조합형옵션상품 | Q80: 컬러: 체크라일락 / 사이즈: M | R80: 1 | S80: \22,000 | T80: \0 | U80: \6,600 | V80: \6,600 | W80: \15,400 | AA80: 2026041790791766 | AB80: 무료 | AC80: 조건부무료 | AD80: \0 | AE80: \0 | AF80: \0 | AG80: ######## | AH80: 신용카드 간편결제 | AI80: MOBILE | AJ80: -419 | AK80: -154 | AL80: \14,827
A81: 2026041761433281 | B81: 2026041746771031 | C81: 2026.04.20 21:17 | D81: 스마트스토어 | E81: 구매확정 | F81: 남은하 | G81: swee**** | H81: 남은하 | I81: 2026.04.17 16:11 | J81: 택배,등기,소포 | K81: 로젠택배 | L81: 92234140176 | M81: 2026.04.18 13:14 | N81: 8680767721 | O81: [영이 공구x베럴즈] 마틴게일 목줄 (6종) | P81: 조합형옵션상품 | Q81: 컬러: 체크라일락 / 사이즈: M | R81: 1 | S81: \22,000 | T81: \0 | U81: \6,600 | V81: \6,600 | W81: \15,400 | AA81: 2.0260418e+15 | AB81: 무료 | AC81: 조건부무료 | AD81: \0 | AE81: \0 | AF81: \0 | AG81: ######## | AH81: 신용카드 간편결제 | AI81: MOBILE | AJ81: -419 | AK81: -154 | AL81: \14,827
A82: 2026041950006131 | B82: 2026041910102791 | C82: 2026.04.29 03:39 | D82: 스마트스토어 | E82: 구매확정 | F82: 조현영 | G82: 2222*** | H82: 조현영 | I82: 2026.04.20 16:45 | J82: 택배,등기,소포 | K82: 로젠택배 | L82: 92234205836 | M82: 2026.04.21 11:25 | N82: 10439130559 | O82: [영이 공구x베럴즈] 리쉬 (6종) | P82: 조합형옵션상품 | Q82: 컬러: 체크라일락 / 길이: 1.2M | R82: 1 | S82: \19,000 | T82: \0 | U82: \5,800 | V82: \5,800 | W82: \13,200 | AA82: 2026041995686478 | AB82: 무료 | AC82: 조건부무료 | AD82: \0 | AE82: \0 | AF82: \0 | AG82: ######## | AH82: 머니결제 | AI82: MOBILE | AJ82: -360 | AK82: -396 | AL82: \12,444
A83: 2026041654922211 | B83: 2026041642632421 | C83: 2026.04.22 19:52 | D83: 스마트스토어 | E83: 구매확정 | F83: 강다슬 | G83: eari***** | H83: 강다슬 | I83: 2026.04.17 16:20 | J83: 택배,등기,소포 | K83: 로젠택배 | L83: 92234140110 | M83: 2026.04.18 16:14 | N83: 10439130559 | O83: [영이 공구x베럴즈] 리쉬 (6종) | P83: 조합형옵션상품 | Q83: 컬러: 체크라일락 / 길이: 1.2M | R83: 1 | S83: \19,000 | T83: \0 | U83: \5,700 | V83: \5,700 | W83: \13,300 | AA83: 2026041690286091 | AB83: 무료 | AC83: 조건부무료 | AD83: \0 | AE83: \0 | AF83: \0 | AG83: ######## | AH83: 신용카드 간편결제 | AI83: MOBILE | AJ83: -362 | AK83: -133 | AL83: \12,805
A84: 2026041453153401 | B84: 2026041472403121 | C84: 2026.04.20 14:53 | D84: 스마트스토어 | E84: 구매확정 | F84: 정아람 | G84: ra**** | H84: 최혁진 | I84: 2026.04.15 18:33 | J84: 택배,등기,소포 | K84: 로젠택배 | L84: 92234045315 | M84: 2026.04.16 16:16 | N84: 8680767721 | O84: [영이 공구x베럴즈] 마틴게일 목줄 (6종) | P84: 조합형옵션상품 | Q84: 컬러: 체크라일락 / 사이즈: M | R84: 1 | S84: \22,000 | T84: \0 | U84: \6,600 | V84: \6,600 | W84: \15,400 | AA84: 2026041482472376 | AB84: 무료 | AC84: 조건부무료 | AD84: \0 | AE84: \0 | AF84: \0 | AG84: ######## | AH84: 신용카드 간편결제 | AI84: MOBILE | AJ84: -420 | AK84: -462 | AL84: \14,518
A85: 2026041764756051 | B85: 2026041749053181 | C85: 2026.04.22 07:56 | D85: 스마트스토어 | E85: 구매확정 | F85: 박민경 | G85: qkra******** | H85: 박민경 | I85: 2026.04.17 16:20 | J85: 택배,등기,소포 | K85: 로젠택배 | L85: 92234140213 | M85: 2026.04.18 13:14 | N85: 10439130559 | O85: [영이 공구x베럴즈] 리쉬 (6종) | P85: 조합형옵션상품 | Q85: 컬러: 체크라일락 / 길이: 1.2M | R85: 1 | S85: \19,000 | T85: \0 | U85: \5,700 | V85: \5,700 | W85: \13,300 | AA85: 2026041790888372 | AB85: 무료 | AC85: 조건부무료 | AD85: \0 | AE85: \0 | AF85: \0 | AG85: ######## | AH85: 신용카드 간편결제 | AI85: MOBILE | AJ85: -362 | AK85: -133 | AL85: \12,805
A86: 2026041773020771 | B86: 2026041754419331 | C86: 2026.04.18 14:11 | D86: 스마트스토어 | E86: 구매확정 | F86: 유형규 | G86: yu**** | H86: 임푸 | I86: 2026.04.17 16:20 | J86: 택배,등기,소포 | K86: 로젠택배 | L86: 92234140235 | M86: 2026.04.18 11:14 | N86: 8680767721 | O86: [영이 공구x베럴즈] 마틴게일 목줄 (6종) | P86: 조합형옵션상품 | Q86: 컬러: 체크라일락 / 사이즈: M | R86: 1 | S86: \22,000 | T86: \0 | U86: \6,600 | V86: \6,600 | W86: \15,400 | AA86: 2026041791380858 | AB86: 무료 | AC86: 조건부무료 | AD86: \0 | AE86: \0 | AF86: \0 | AG86: ######## | AH86: 신용카드 간편결제 | AI86: MOBILE | AJ86: -419 | AK86: -154 | AL86: \14,827
A87: 2026041763212751 | B87: 2026041748015761 | C87: 2026.04.21 22:06 | D87: 스마트스토어 | E87: 구매확정 | F87: 임수빈 | G87: subi***** | H87: 임수빈 | I87: 2026.04.17 16:11 | J87: 택배,등기,소포 | K87: 로젠택배 | L87: 92234140191 | M87: 2026.04.18 11:14 | N87: 10439130559 | O87: [영이 공구x베럴즈] 리쉬 (6종) | P87: 조합형옵션상품 | Q87: 컬러: 체크라일락 / 길이: 1.2M | R87: 1 | S87: \19,000 | T87: \0 | U87: \5,800 | V87: \5,800 | W87: \13,200 | AA87: 2026041790791766 | AB87: 무료 | AC87: 조건부무료 | AD87: \0 | AE87: \0 | AF87: \0 | AG87: ######## | AH87: 신용카드 간편결제 | AI87: MOBILE | AJ87: -359 | AK87: -132 | AL87: \12,709
A88: 2026041823009511 | B88: 2026041881866711 | C88: 2026.04.21 12:43 | D88: 스마트스토어 | E88: 구매확정 | F88: 서윤지 | G88: chri***** | H88: 서윤지 | I88: 2026.04.20 14:49 | J88: 택배,등기,소포 | K88: 로젠택배 | L88: 92234206816 | M88: 2026.04.21 12:43 | N88: 10565999120 | O88: [영이 공구x베럴즈] 이케코백 5종 특가 | P88: 조합형옵션상품 | Q88: 사이즈: ML / 색상: 체크 블루 | R88: 1 | S88: \119,000 | T88: \7,500 | U88: \29,850 | V88: \29,850 | W88: \96,650 | AA88: 2026041893940932 | AB88: 무료 | AC88: 조건부무료 | AD88: \0 | AE88: \0 | AF88: \0 | AG88: ######## | AH88: 신용카드 간편결제 | AI88: MOBILE | AJ88: -2635 | AK88: -966 | AL88: \93,049
A89: 2026040926042071 | B89: 2026040923719641 | C89: 2026.04.18 02:03 | D89: 스마트스토어 | E89: 구매확정 | F89: 배우리 | G89: ggom****** | H89: 배우리 | I89: 2026.04.09 15:15 | J89: 택배,등기,소포 | K89: 로젠택배 | L89: 92233872290 | M89: 2026.04.10 09:15 | N89: 8680767721 | O89: [영이 공구x베럴즈] 마틴게일 목줄 (6종) | P89: 조합형옵션상품 | Q89: 컬러: 체크라일락 / 사이즈: M | R89: 1 | S89: \22,000 | T89: \0 | U89: \6,600 | V89: \6,600 | W89: \15,400 | AA89: 2.026041e+15 | AB89: 무료 | AC89: 조건부무료 | AD89: \0 | AE89: \0 | AF89: \0 | AG89: ######## | AH89: 신용카드 간편결제 | AI89: MOBILE | AJ89: -420 | AK89: -154 | AL89: \14,826
A90: 2026041967997381 | B90: 2026041921834941 | C90: 2026.04.29 04:37 | D90: 스마트스토어 | E90: 구매확정 | F90: 김비비안 | G90: 20**** | H90: 이서진 | I90: 2026.04.20 16:45 | J90: 택배,등기,소포 | K90: 로젠택배 | L90: 92234205733 | M90: 2026.04.21 13:13 | N90: 8680767721 | O90: [영이 공구x베럴즈] 마틴게일 목줄 (6종) | P90: 조합형옵션상품 | Q90: 컬러: 체크라일락 / 사이즈: S | R90: 1 | S90: \22,000 | T90: \0 | U90: \6,600 | V90: \6,600 | W90: \15,400 | AA90: 2026041996810445 | AB90: 무료 | AC90: 조건부무료 | AD90: \0 | AE90: \0 | AF90: \0 | AG90: ######## | AH90: 신용카드 간편결제 | AI90: MOBILE | AJ90: -420 | AK90: -154 | AL90: \14,826
A91: 2026041775376571 | B91: 2026041755976291 | C91: 2026.04.21 00:50 | D91: 스마트스토어 | E91: 구매확정 | F91: 신윤정 | G91: zz**** | H91: 신윤정 | I91: 2026.04.17 16:20 | J91: 택배,등기,소포 | K91: 로젠택배 | L91: 92234140250 | M91: 2026.04.18 12:24 | N91: 10439130559 | O91: [영이 공구x베럴즈] 리쉬 (6종) | P91: 조합형옵션상품 | Q91: 컬러: 체크라일락 / 길이: 1.2M | R91: 1 | S91: \19,000 | T91: \0 | U91: \5,800 | V91: \5,800 | W91: \13,200 | AA91: 2026041791524045 | AB91: 무료 | AC91: 조건부무료 | AD91: \0 | AE91: \0 | AF91: \0 | AG91: ######## | AH91: 신용카드 간편결제 | AI91: MOBILE | AJ91: -360 | AK91: -132 | AL91: \12,708
A92: 2026041761433271 | B92: 2026041746771031 | C92: 2026.04.20 21:17 | D92: 스마트스토어 | E92: 구매확정 | F92: 남은하 | G92: swee**** | H92: 남은하 | I92: 2026.04.17 16:11 | J92: 택배,등기,소포 | K92: 로젠택배 | L92: 92234140176 | M92: 2026.04.18 13:14 | N92: 10439130559 | O92: [영이 공구x베럴즈] 리쉬 (6종) | P92: 조합형옵션상품 | Q92: 컬러: 체크라일락 / 길이: 1.2M | R92: 1 | S92: \19,000 | T92: \0 | U92: \5,800 | V92: \5,800 | W92: \13,200 | AA92: 2.0260418e+15 | AB92: 무료 | AC92: 조건부무료 | AD92: \0 | AE92: \0 | AF92: \0 | AG92: ######## | AH92: 신용카드 간편결제 | AI92: MOBILE | AJ92: -359 | AK92: -132 | AL92: \12,709
A93: 2026041656507861 | B93: 2026041643633041 | C93: 2026.04.26 02:31 | D93: 스마트스토어 | E93: 구매확정 | F93: 김은영 | G93: thes******* | H93: 김은영 | I93: 2026.04.17 16:11 | J93: 택배,등기,소포 | K93: 로젠택배 | L93: 92234140132 | M93: 2026.04.18 10:07 | N93: 8680767721 | O93: [영이 공구x베럴즈] 마틴게일 목줄 (6종) | P93: 조합형옵션상품 | Q93: 컬러: 체크라일락 / 사이즈: S | R93: 1 | S93: \22,000 | T93: \0 | U93: \6,600 | V93: \6,600 | W93: \15,400 | AA93: 2026041690379989 | AB93: 무료 | AC93: 조건부무료 | AD93: \0 | AE93: \0 | AF93: \0 | AG93: ######## | AH93: 신용카드 간편결제 | AI93: MOBILE | AJ93: -419 | AK93: -154 | AL93: \14,827
A94: 2026041590375331 | B94: 2026041596651091 | C94: 2026.04.25 02:48 | D94: 스마트스토어 | E94: 구매확정 | F94: 김병화 | G94: bbbi****** | H94: 김병화 | I94: 2026.04.16 16:11 | J94: 택배,등기,소포 | K94: 로젠택배 | L94: 92234100921 | M94: 2026.04.17 16:16 | N94: 10439130559 | O94: [영이 공구x베럴즈] 리쉬 (6종) | P94: 조합형옵션상품 | Q94: 컬러: 체크라일락 / 길이: 2M | R94: 1 | S94: \19,000 | T94: \2,100 | U94: \5,700 | V94: \5,700 | W94: \15,400 | AA94: 2026041586964995 | AB94: 무료 | AC94: 조건부무료 | AD94: \0 | AE94: \0 | AF94: \0 | AG94: ######## | AH94: 신용카드 간편결제 | AI94: MOBILE | AJ94: -420 | AK94: -154 | AL94: \14,826
A95: 2026041774268181 | B95: 2026041755247771 | C95: 2026.04.26 02:30 | D95: 스마트스토어 | E95: 구매확정 | F95: 김상준 | G95: ba**** | H95: 김상준 | I95: 2026.04.17 16:11 | J95: 택배,등기,소포 | K95: 로젠택배 | L95: 92234140246 | M95: 2026.04.18 11:10 | N95: 8680767721 | O95: [영이 공구x베럴즈] 마틴게일 목줄 (6종) | P95: 조합형옵션상품 | Q95: 컬러: 체크라일락 / 사이즈: S | R95: 1 | S95: \22,000 | T95: \0 | U95: \6,600 | V95: \6,600 | W95: \15,400 | AA95: 2026041791457753 | AB95: 무료 | AC95: 조건부무료 | AD95: \0 | AE95: \0 | AF95: \0 | AG95: ######## | AH95: 신용카드 간편결제 | AI95: MOBILE | AJ95: -420 | AK95: -154 | AL95: \14,826
A96: 2026041581700051 | B96: 2026041590985781 | C96: 2026.04.24 02:41 | D96: 스마트스토어 | E96: 구매확정 | F96: 백벗소유 | G96: buts*** | H96: 백벗소유 | I96: 2026.04.15 18:33 | J96: 택배,등기,소포 | K96: 로젠택배 | L96: 92234059536 | M96: 2026.04.16 11:19 | N96: 8680767721 | O96: [영이 공구x베럴즈] 마틴게일 목줄 (6종) | P96: 조합형옵션상품 | Q96: 컬러: 체크라일락 / 사이즈: S | R96: 1 | S96: \22,000 | T96: \0 | U96: \6,600 | V96: \6,600 | W96: \15,400 | AA96: 2026041585955802 | AB96: 무료 | AC96: 조건부무료 | AD96: \0 | AE96: \0 | AF96: \0 | AG96: ######## | AH96: 머니결제 | AI96: MOBILE | AJ96: -420 | AK96: -154 | AL96: \14,826
A97: 2026041453153421 | B97: 2026041472403121 | C97: 2026.04.20 14:53 | D97: 스마트스토어 | E97: 구매확정 | F97: 정아람 | G97: ra**** | H97: 최혁진 | I97: 2026.04.15 18:33 | J97: 택배,등기,소포 | K97: 로젠택배 | L97: 92234045315 | M97: 2026.04.16 16:16 | N97: 10439130559 | O97: [영이 공구x베럴즈] 리쉬 (6종) | P97: 조합형옵션상품 | Q97: 컬러: 체크라일락 / 길이: 2M | R97: 1 | S97: \19,000 | T97: \2,100 | U97: \5,700 | V97: \5,700 | W97: \15,400 | AA97: 2026041482472376 | AB97: 무료 | AC97: 조건부무료 | AD97: \0 | AE97: \0 | AF97: \0 | AG97: ######## | AH97: 신용카드 간편결제 | AI97: MOBILE | AJ97: -420 | AK97: -462 | AL97: \14,518
A98: 2026041764756061 | B98: 2026041749053181 | C98: 2026.04.22 07:56 | D98: 스마트스토어 | E98: 구매확정 | F98: 박민경 | G98: qkra******** | H98: 박민경 | I98: 2026.04.17 16:20 | J98: 택배,등기,소포 | K98: 로젠택배 | L98: 92234140213 | M98: 2026.04.18 13:14 | N98: 8680767721 | O98: [영이 공구x베럴즈] 마틴게일 목줄 (6종) | P98: 조합형옵션상품 | Q98: 컬러: 체크라일락 / 사이즈: S | R98: 1 | S98: \22,000 | T98: \0 | U98: \6,600 | V98: \6,600 | W98: \15,400 | AA98: 2026041790888372 | AB98: 무료 | AC98: 조건부무료 | AD98: \0 | AE98: \0 | AF98: \0 | AG98: ######## | AH98: 신용카드 간편결제 | AI98: MOBILE | AJ98: -419 | AK98: -154 | AL98: \14,827
A99: 2026041768141141 | B99: 2026041751244901 | C99: 2026.04.26 02:34 | D99: 스마트스토어 | E99: 구매확정 | F99: 심재해 | G99: 0tla***** | H99: 재해 | I99: 2026.04.17 16:11 | J99: 택배,등기,소포 | K99: 로젠택배 | L99: 92234140224 | M99: 2026.04.18 16:13 | N99: 10439130559 | O99: [영이 공구x베럴즈] 리쉬 (6종) | P99: 조합형옵션상품 | Q99: 컬러: 체크라일락 / 길이: 2M | R99: 1 | S99: \19,000 | T99: \2,100 | U99: \5,700 | V99: \5,700 | W99: \15,400 | AA99: 2026041791088717 | AB99: 무료 | AC99: 조건부무료 | AD99: \0 | AE99: \0 | AF99: \0 | AG99: ######## | AH99: 머니결제 | AI99: MOBILE | AJ99: -420 | AK99: -154 | AL99: \14,826
A100: 2026040935383481 | B100: 2026040929982551 | C100: 2026.04.21 00:40 | D100: 스마트스토어 | E100: 구매확정 | F100: 홍자영 | G100: 0412***** | H100: 홍자영 | I100: 2026.04.10 14:26 | J100: 택배,등기,소포 | K100: 로젠택배 | L100: 92233900975 | M100: 2026.04.13 15:06 | N100: 10565999120 | O100: [영이 공구x베럴즈] 이케코백 5종 특가 | P100: 조합형옵션상품 | Q100: 사이즈: ML / 색상: 체크 블루 | R100: 1 | S100: \119,000 | T100: \7,500 | U100: \29,850 | V100: \29,850 | W100: \96,650 | AA100: 2026040957141162 | AB100: 무료 | AC100: 조건부무료 | AD100: \0 | AE100: \0 | AF100: \0 | AG100: ######## | AH100: 신용카드 | AI100: MOBILE | AJ100: -2636 | AK100: -966 | AL100: \93,048
A101: 2026041775376601 | B101: 2026041755976291 | C101: 2026.04.21 00:50 | D101: 스마트스토어 | E101: 구매확정 | F101: 신윤정 | G101: zz**** | H101: 신윤정 | I101: 2026.04.17 16:20 | J101: 택배,등기,소포 | K101: 로젠택배 | L101: 92234140250 | M101: 2026.04.18 12:24 | N101: 8680767721 | O101: [영이 공구x베럴즈] 마틴게일 목줄 (6종) | P101: 조합형옵션상품 | Q101: 컬러: 체크라일락 / 사이즈: S | R101: 1 | S101: \22,000 | T101: \0 | U101: \6,600 | V101: \6,600 | W101: \15,400 | AA101: 2026041791524045 | AB101: 무료 | AC101: 조건부무료 | AD101: \0 | AE101: \0 | AF101: \0 | AG101: ######## | AH101: 신용카드 간편결제 | AI101: MOBILE | AJ101: -420 | AK101: -154 | AL101: \14,826
A102: 2026041370125461 | B102: 2026041324249251 | C102: 2026.04.14 19:37 | D102: 스마트스토어 | E102: 구매확정 | F102: 박수진 | G102: tnwl******** | H102: 박수진 | I102: 2026.04.13 14:34 | J102: 택배,등기,소포 | K102: 로젠택배 | L102: 92233972714 | M102: 2026.04.14 18:14 | N102: 8680767721 | O102: [영이 공구x베럴즈] 마틴게일 목줄 (6종) | P102: 조합형옵션상품 | Q102: 컬러: 체크라일락 / 사이즈: S | R102: 1 | S102: \22,000 | T102: \0 | U102: \6,600 | V102: \6,600 | W102: \15,400 | AA102: 2026041373270085 | AB102: 무료 | AC102: 조건부무료 | AD102: \0 | AE102: \0 | AF102: \0 | AG102: ######## | AH102: 신용카드 간편결제 | AI102: MOBILE | AJ102: -420 | AK102: -462 | AL102: \14,518
A103: 2026041656507851 | B103: 2026041643633041 | C103: 2026.04.26 02:31 | D103: 스마트스토어 | E103: 구매확정 | F103: 김은영 | G103: thes******* | H103: 김은영 | I103: 2026.04.17 16:11 | J103: 택배,등기,소포 | K103: 로젠택배 | L103: 92234140132 | M103: 2026.04.18 10:07 | N103: 10439130559 | O103: [영이 공구x베럴즈] 리쉬 (6종) | P103: 조합형옵션상품 | Q103: 컬러: 체크라일락 / 길이: 2M | R103: 1 | S103: \19,000 | T103: \2,100 | U103: \5,800 | V103: \5,800 | W103: \15,300 | AA103: 2026041690379989 | AB103: 무료 | AC103: 조건부무료 | AD103: \0 | AE103: \0 | AF103: \0 | AG103: ######## | AH103: 신용카드 간편결제 | AI103: MOBILE | AJ103: -417 | AK103: -153 | AL103: \14,730
A104: 2026041773020751 | B104: 2026041754419331 | C104: 2026.04.18 14:11 | D104: 스마트스토어 | E104: 구매확정 | F104: 유형규 | G104: yu**** | H104: 임푸 | I104: 2026.04.17 16:20 | J104: 택배,등기,소포 | K104: 로젠택배 | L104: 92234140235 | M104: 2026.04.18 11:14 | N104: 10439130559 | O104: [영이 공구x베럴즈] 리쉬 (6종) | P104: 조합형옵션상품 | Q104: 컬러: 체크라일락 / 길이: 2M | R104: 1 | S104: \19,000 | T104: \2,100 | U104: \5,700 | V104: \5,700 | W104: \15,400 | AA104: 2026041791380858 | AB104: 무료 | AC104: 조건부무료 | AD104: \0 | AE104: \0 | AF104: \0 | AG104: ######## | AH104: 신용카드 간편결제 | AI104: MOBILE | AJ104: -419 | AK104: -154 | AL104: \14,827
A105: 2026041956263101 | B105: 2026041914379411 | C105: 2026.04.21 22:06 | D105: 스마트스토어 | E105: 구매확정 | F105: 임수빈 | G105: subi***** | H105: 임수빈 | I105: 2026.04.20 16:45 | J105: 택배,등기,소포 | K105: 로젠택배 | L105: 92234206680 | M105: 2026.04.21 13:17 | N105: 10439130559 | O105: [영이 공구x베럴즈] 리쉬 (6종) | P105: 조합형옵션상품 | Q105: 컬러: 체크라일락 / 길이: 2M | R105: 1 | S105: \19,000 | T105: \2,100 | U105: \5,700 | V105: \5,700 | W105: \15,400 | AA105: 2.026042e+15 | AB105: 선결제 | AC105: 조건부무료 | AD105: \3,000 | AE105: \0 | AF105: \0 | AG105: ######## | AH105: 신용카드 간편결제 | AI105: MOBILE | AJ105: -420 | AK105: -462 | AL105: \14,518
A106: 2026040917431461 | B106: 2026040918066021 | C106: 2026.04.13 08:45 | D106: 스마트스토어 | E106: 구매확정 | F106: 손지희 | G106: sjh5*** | H106: 손지희 | I106: 2026.04.09 13:15 | J106: 택배,등기,소포 | K106: 로젠택배 | L106: 92233858544 | M106: 2026.04.10 11:13 | N106: 8680767721 | O106: [영이 공구x베럴즈] 마틴게일 목줄 (6종) | P106: 조합형옵션상품 | Q106: 컬러: 체크라일락 / 사이즈: S | R106: 1 | S106: \22,000 | T106: \0 | U106: \6,600 | V106: \6,600 | W106: \15,400 | AA106: 2026040954886135 | AB106: 무료 | AC106: 조건부무료 | AD106: \0 | AE106: \0 | AF106: \0 | AG106: ######## | AH106: 신용카드 간편결제 | AI106: MOBILE | AJ106: -419 | AK106: -154 | AL106: \14,827
A107: 2026041616347221 | B107: 2026041617095281 | C107: 2026.04.25 02:32 | D107: 스마트스토어 | E107: 구매확정 | F107: 김은영 | G107: dmsd****** | H107: 김은영 | I107: 2026.04.16 15:16 | J107: 택배,등기,소포 | K107: 로젠택배 | L107: 92234076126 | M107: 2026.04.17 16:16 | N107: 9928170688 | O107: [영이 공구x베럴즈] 강아지 카시트 세트 5종 특가 | P107: 조합형옵션상품 | Q107: 컬러: 오렌지 세트 | R107: 1 | S107: \129,000 | T107: \0 | U107: \29,700 | V107: \29,700 | W107: \99,300 | AA107: 2026041687945393 | AB107: 무료 | AC107: 무료 | AD107: \0 | AE107: \0 | AF107: \0 | AG107: ######## | AH107: 신용카드 간편결제 | AI107: MOBILE | AJ107: -2708 | AK107: -993 | AL107: \95,599
A108: 2026041511312451 | B108: 2026041513951631 | C108: 2026.04.25 02:31 | D108: 스마트스토어 | E108: 구매확정 | F108: 김휘연 | G108: dovm***** | H108: 김휘연 | I108: 2026.04.16 15:16 | J108: 택배,등기,소포 | K108: 로젠택배 | L108: 92234100906 | M108: 2026.04.17 12:14 | N108: 9928170688 | O108: 카시트 스텝온 추가: 추가 | P108: 추가구성상품 | Q108: 카시트 스텝온 추가: 추가 | R108: 1 | S108: \15,000 | T108: \0 | U108: \0 | V108: \0 | W108: \15,000 | AA108: 2026041587647867 | AB108: 무료 | AC108: 무료 | AD108: \0 | AE108: \0 | AF108: \0 | AG108: ######## | AH108: 신용카드 간편결제 | AI108: MOBILE | AJ108: -409 | AK108: -150 | AL108: \14,441
A109: 2026041511312441 | B109: 2026041513951631 | C109: 2026.04.25 02:31 | D109: 스마트스토어 | E109: 구매확정 | F109: 김휘연 | G109: dovm***** | H109: 김휘연 | I109: 2026.04.16 15:16 | J109: 택배,등기,소포 | K109: 로젠택배 | L109: 92234100906 | M109: 2026.04.17 12:14 | N109: 9928170688 | O109: [영이 공구x베럴즈] 강아지 카시트 세트 5종 특가 | P109: 조합형옵션상품 | Q109: 컬러: 오렌지 세트 | R109: 1 | S109: \129,000 | T109: \0 | U109: \29,700 | V109: \29,700 | W109: \99,300 | AA109: 2026041587647867 | AB109: 무료 | AC109: 무료 | AD109: \0 | AE109: \0 | AF109: \0 | AG109: ######## | AH109: 신용카드 간편결제 | AI109: MOBILE | AJ109: -2708 | AK109: -993 | AL109: \95,599
A110: 2026041832167891 | B110: 2026041887981701 | C110: 2026.04.29 03:44 | D110: 스마트스토어 | E110: 구매확정 | F110: 최혜영 | G110: choi******* | H110: 최혜영 | I110: 2026.04.20 16:45 | J110: 택배,등기,소포 | K110: 로젠택배 | L110: 92234205825 | M110: 2026.04.21 16:22 | N110: 8680767721 | O110: [영이 공구x베럴즈] 마틴게일 목줄 (6종) | P110: 조합형옵션상품 | Q110: 컬러: 체크레드 / 사이즈: M | R110: 1 | S110: \22,000 | T110: \0 | U110: \6,600 | V110: \6,600 | W110: \15,400 | AA110: 2.0260419e+15 | AB110: 무료 | AC110: 조건부무료 | AD110: \0 | AE110: \0 | AF110: \0 | AG110: ######## | AH110: 신용카드 간편결제 | AI110: MOBILE | AJ110: -419 | AK110: -154 | AL110: \14,827
A111: 2026041774268171 | B111: 2026041755247771 | C111: 2026.04.26 02:30 | D111: 스마트스토어 | E111: 구매확정 | F111: 김상준 | G111: ba**** | H111: 김상준 | I111: 2026.04.17 16:11 | J111: 택배,등기,소포 | K111: 로젠택배 | L111: 92234140246 | M111: 2026.04.18 11:10 | N111: 10439130559 | O111: [영이 공구x베럴즈] 리쉬 (6종) | P111: 조합형옵션상품 | Q111: 컬러: 체크라일락 / 길이: 2M | R111: 1 | S111: \19,000 | T111: \2,100 | U111: \5,700 | V111: \5,700 | W111: \15,400 | AA111: 2026041791457753 | AB111: 무료 | AC111: 조건부무료 | AD111: \0 | AE111: \0 | AF111: \0 | AG111: ######## | AH111: 신용카드 간편결제 | AI111: MOBILE | AJ111: -420 | AK111: -154 | AL111: \14,826
A112: 2026041637146891 | B112: 2026041630685371 | C112: 2026.04.25 02:07 | D112: 스마트스토어 | E112: 구매확정 | F112: 백미진 | G112: al**** | H112: 백미진 | I112: 2026.04.16 15:16 | J112: 택배,등기,소포 | K112: 로젠택배 | L112: 92234101035 | M112: 2026.04.17 11:15 | N112: 9928170688 | O112: 카시트 스텝온 추가: 추가 | P112: 추가구성상품 | Q112: 카시트 스텝온 추가: 추가 | R112: 1 | S112: \15,000 | T112: \0 | U112: \0 | V112: \0 | W112: \15,000 | AA112: 2026041689195743 | AB112: 무료 | AC112: 무료 | AD112: \0 | AE112: \0 | AF112: \0 | AG112: ######## | AH112: 신용카드 | AI112: MOBILE | AJ112: -409 | AK112: -450 | AL112: \14,141
A113: 2026041637146881 | B113: 2026041630685371 | C113: 2026.04.25 02:07 | D113: 스마트스토어 | E113: 구매확정 | F113: 백미진 | G113: al**** | H113: 백미진 | I113: 2026.04.16 15:16 | J113: 택배,등기,소포 | K113: 로젠택배 | L113: 92234101035 | M113: 2026.04.17 11:15 | N113: 9928170688 | O113: [영이 공구x베럴즈] 강아지 카시트 세트 5종 특가 | P113: 조합형옵션상품 | Q113: 컬러: 아이보리 세트 | R113: 1 | S113: \129,000 | T113: \0 | U113: \29,800 | V113: \29,800 | W113: \99,200 | AA113: 2026041689195743 | AB113: 무료 | AC113: 무료 | AD113: \0 | AE113: \0 | AF113: \0 | AG113: ######## | AH113: 신용카드 | AI113: MOBILE | AJ113: -2705 | AK113: -2976 | AL113: \93,519
...

Sheet DB) 콘디(4월배송완료)
A1: 주문번호 | B1: 주문일시 | C1: 결제일시(입금확인일) | D1: 주문자명 | E1: 주문상품명(옵션포함) | F1: 수량
A2: 20260403-0000039 | B2: 2026.4.3 10:57 | C2: 2026.4.3 10:57 | D2: 김세윤 | E2: [영이공구특가 이벤트 상품] CONDY 접촉 냉감 쿨매트 듀라론 쿨링 블랭킷 (2컬러)(색상 및 수량=블루화이트 1개 + 블랙화이트 1개- 정가 : 64600원) | F2: 1
A3: 20260403-0000046 | B3: 2026.4.3 10:58 | C3: 2026.4.3 10:58 | D3: 박소정 | E3: [영이공구특가 이벤트 상품] CONDY 접촉 냉감 쿨매트 듀라론 쿨링 블랭킷 (2컬러)(색상 및 수량=블루화이트 1개 + 블랙화이트 1개- 정가 : 64600원) | F3: 1
A4: 20260403-0000052 | B4: 2026.4.3 11:00 | C4: 2026.4.3 11:00 | D4: 정지혜 | E4: [영이공구특가 이벤트 상품] CONDY 접촉 냉감 쿨매트 듀라론 쿨링 블랭킷 (2컬러)(색상 및 수량=블루화이트 1개 + 블랙화이트 1개- 정가 : 64600원) | F4: 1
A5: 20260403-0000065 | B5: 2026.4.3 11:01 | C5: 2026.4.3 11:01 | D5: 김우선 | E5: [영이공구특가 이벤트 상품] CONDY 접촉 냉감 쿨매트 듀라론 쿨링 블랭킷 (2컬러)(색상 및 수량=블루화이트 2개 - 정가 : 64600원) | F5: 1
A6: 20260403-0000065 | B6: 2026.4.3 11:01 | C6: 2026.4.3 11:01 | D6: 김우선 | E6: [영이공구특가 이벤트 상품] CONDY 접촉 냉감 쿨매트 듀라론 쿨링 블랭킷 (2컬러)(색상 및 수량=블랙화이트 2개 - 정가 : 64600원) | F6: 1
A7: 20260403-0000078 | B7: 2026.4.3 11:02 | C7: 2026.4.3 11:02 | D7: 이수연 | E7: [영이공구특가 이벤트 상품] CONDY 접촉 냉감 쿨매트 듀라론 쿨링 블랭킷 (2컬러)(색상 및 수량=블루화이트 2개 + 블랙화이트 1개 - 정가 : 96900원) | F7: 1
A8: 20260403-0000089 | B8: 2026.4.3 11:02 | C8: 2026.4.3 11:02 | D8: 김가이 | E8: [영이공구특가 이벤트 상품] CONDY 접촉 냉감 쿨매트 듀라론 쿨링 블랭킷 (2컬러)(색상 및 수량=블루화이트 1개 + 블랙화이트 2개 - 정가 : 96900원) | F8: 1
A9: 20260403-0000092 | B9: 2026.4.3 11:02 | C9: 2026.4.3 11:02 | D9: 김지혜 | E9: [영이공구특가 이벤트 상품] CONDY 접촉 냉감 쿨매트 듀라론 쿨링 블랭킷 (2컬러)(색상 및 수량=블루화이트 1개 + 블랙화이트 2개 - 정가 : 96900원) | F9: 1
A10: 20260403-0000105 | B10: 2026.4.3 11:02 | C10: 2026.4.3 11:02 | D10: 정하진 | E10: [영이공구특가 이벤트 상품] CONDY 접촉 냉감 쿨매트 듀라론 쿨링 블랭킷 (2컬러)(색상 및 수량=블루화이트 1개 + 블랙화이트 1개- 정가 : 64600원) | F10: 1
A11: 20260403-0000112 | B11: 2026.4.3 11:02 | C11: 2026.4.3 11:02 | D11: 김슬기 | E11: [영이공구특가 이벤트 상품] CONDY 접촉 냉감 쿨매트 듀라론 쿨링 블랭킷 (2컬러)(색상 및 수량=블루화이트 1개) | F11: 1
A12: 20260403-0000133 | B12: 2026.4.3 11:04 | C12: 2026.4.3 11:04 | D12: 김진영 | E12: [영이공구특가 이벤트 상품] CONDY 접촉 냉감 쿨매트 듀라론 쿨링 블랭킷 (2컬러)(색상 및 수량=블랙화이트 1개) | F12: 1
A13: 20260403-0000151 | B13: 2026.4.3 11:05 | C13: 2026.4.3 11:05 | D13: HYE | E13: [영이공구특가 이벤트 상품] CONDY 접촉 냉감 쿨매트 듀라론 쿨링 블랭킷 (2컬러)(색상 및 수량=블루화이트 1개 + 블랙화이트 1개- 정가 : 64600원) | F13: 1
... A818: 20260429-0000067 | B818: 2026.4.29 7:46 | C818: 2026.4.29 7:46 | D818: 박은해 | E818: [영이공구특가 이벤트 상품] CONDY 접촉 냉감 쿨매트 듀라론 쿨링 블랭킷 (2컬러)(구성 선택=블루화이트 2개) | F818: 1

Sheet DB) 도톤(4월배송완료)
A1: 주문번호 | B1: 주문일시 | C1: 결제일시(입금확인일) | D1: 주문자명 | E1: 주문상품명(옵션포함) | F1: 수량
A2: 20260413-0000075 | B2: 2026.4.13 9:01 | C2: 2026.4.13 8:58 | D2: 박유진 | E2: [영이공구특가 이벤트 상품] 도톤 포레스트 아웃도어 해충방지 스프레이 150ml(수량=공구 3개세트 (36%할인)) | F2: 1
A3: 20260413-0000161 | B3: 2026.4.13 12:39 | C3: 2026.4.13 12:35 | D3: 이아람 | E3: [영이공구특가 이벤트 상품] 도톤 포레스트 아웃도어 해충방지 스프레이 150ml(수량=공구특가 1개 (25%할인)) | F3: 1
A4: 20260413-0000170 | B4: 2026.4.13 12:40 | C4: 2026.4.13 12:37 | D4: 이정은 | E4: [영이공구특가 이벤트 상품] 도톤 포레스트 아웃도어 해충방지 스프레이 150ml(수량=공구 2개세트 (32%할인)) | F4: 1
A5: 20260413-0000182 | B5: 2026.4.13 12:45 | C5: 2026.4.13 12:45 | D5: 성민영 | E5: [영이공구특가 이벤트 상품] 도톤 포레스트 아웃도어 해충방지 스프레이 150ml(수량=공구 3개세트 (36%할인)) | F5: 1
A6: 20260413-0000191 | B6: 2026.4.13 12:58 | C6: 2026.4.13 12:55 | D6: 김진아 | E6: [영이공구특가 이벤트 상품] 도톤 포레스트 아웃도어 해충방지 스프레이 150ml(수량=공구특가 1개 (25%할인)) | F6: 1
A7: 20260413-0000205 | B7: 2026.4.13 13:04 | C7: 2026.4.13 13:01 | D7: 현다예 | E7: [영이공구특가 이벤트 상품] 도톤 포레스트 아웃도어 해충방지 스프레이 150ml(수량=공구특가 1개 (25%할인)) | F7: 1
A8: 20260413-0000215 | B8: 2026.4.13 13:04 | C8: 2026.4.13 13:01 | D8: 김현정 | E8: [영이공구특가 이벤트 상품] 도톤 포레스트 아웃도어 해충방지 스프레이 150ml(수량=공구 3개세트 (36%할인)) | F8: 1
A9: 20260413-0000295 | B9: 2026.4.13 13:34 | C9: 2026.4.13 13:30 | D9: 임하영 | E9: [영이공구특가 이벤트 상품] 도톤 포레스트 아웃도어 해충방지 스프레이 150ml(수량=공구 2개세트 (32%할인)) | F9: 1
A10: 20260413-0000308 | B10: 2026.4.13 13:35 | C10: 2026.4.13 13:31 | D10: 정미희 | E10: [영이공구특가 이벤트 상품] 도톤 포레스트 아웃도어 해충방지 스프레이 150ml(수량=공구특가 1개 (25%할인)) | F10: 1
A11: 20260413-0000310 | B11: 2026.4.13 13:40 | C11: 2026.4.13 13:36 | D11: 유형규 | E11: [영이공구특가 이벤트 상품] 도톤 포레스트 아웃도어 해충방지 스프레이 150ml(수량=공구 2개세트 (32%할인)) | F11: 1
A12: 20260413-0000351 | B12: 2026.4.13 14:12 | C12: 2026.4.13 14:08 | D12: 배문정 | E12: [영이공구특가 이벤트 상품] 도톤 포레스트 아웃도어 해충방지 스프레이 150ml(수량=공구특가 1개 (25%할인)) | F12: 1
A13: 20260413-0000363 | B13: 2026.4.13 14:31 | C13: 2026.4.13 14:26 | D13: 장희진 | E13: [영이공구특가 이벤트 상품] 도톤 포레스트 아웃도어 해충방지 스프레이 150ml(수량=공구 3개세트 (36%할인)) | F13: 1
... A150: 20260429-0000099 | B150: 2026.4.29 9:48 | C150: 2026.4.29 9:48 | D150: 김용아 | E150: [영이공구특가 이벤트 상품] 도톤 포레스트 아웃도어 해충방지 스프레이 150ml(수량=공구특가 1개 (25%할인)) | F150: 1
