Workbook

Sheet 공구영수증
B7: 문서번호 | C7: W-20260710-1 | F7: 주식회사 우프컴퍼니 (314-87-00725)
B8: 날짜 | C8: =TODAY() -> 46216 | F8: 서울 용산구 한남대로8길 6-17, 1F
B9: 문서제목 | C9: 영이공구 (2026.06) 판매 내역 정산 | F9: 대표자명 | G9: 이교영 (인)
B10: 수신 | C10: 안진양 대표님 (영이공구) | F10: team@wooof.co.kr
B13: 1. 귀사의 무궁한 발전과 건승을 기원합니다.
B14: 2. 아래와 같이 판매의 내역을 공유드리며, 확인 후 이상이 없으신 경우 지급처리를 위한 전자계산서 발행을 요청드립니다.
D16: - 아 래 -
B18: 품목 | C18: 세부항목 | E18: 진행기간 | F18: 판매금액 | G18: 공구수수료 | H18: 합계
B19: 6월 판매액 | C19: 포포타올(드라잉타올) 공구 | E19: 6월 | F19: =판매내역집계!F21 -> 2978030 | G19: 0.2 | H19: =F19*G19 -> 595606
C20: 콘디 냉감블랭킷(아이스파우치) 공구 | E20: 6월 | F20: =판매내역집계!F11 -> 6499000 | G20: 0.2 | H20: =F20*G20 -> 1299800
C21: 이케코백 (메쉬백) 공구 | E21: 6월 | F21: =판매내역집계!F17 -> 955050 | G21: 0.2 | H21: =F21*G21 -> 191010
C25: 합계 | F25: =SUM(F19:F24) -> 10432080 | H25: =SUM(H19:H24) -> 2086416
B27: 품목 | C27: 세부항목 | F27: 지출광고비 | G27: 부담비용 | H27: 합계
B28: 6월 광고비 정산 | C28: 포포타올 광고비 | F28: ='광고비용 집계'!B4 -> 599517 | G28: =F19*5% -> 148901.5 | H28: =G28 -> 148901.5
C29: 합계 | F29: =SUM(F28) -> 599517 | H29: =SUM(H28:H28) -> 148901.5
F31: 판매수수료 합계 | H31: =H25 -> 2086416
F32: 광고비 공제(-) | H32: =H29 -> 148901.5
E34: 총 합계액 (부가세 포함) | H34: =H31-H32 -> 1937514.5
B36: * 6/1-6/30 배송완료 내역 및 구매확정(스마트스토어) 내역 기준입니다.
B37: * 6/30 일 기준으로 매출 세금계산서 정발행해 주시면 익월 15일 까지 지정된 계좌로 지급 예정입니다.

Sheet 광고비용 집계
A2: 행 레이블 | B2: 합계 : 지출 금액 (KRW) | C2: 합계 | D2: 광고비(50%) | G2: *광고비는 전체 총 판매합계금액의 5%(수수료15%) 와 총 광고지출금액의 50% 중 값이 더 작은 쪽으로 청구
A3: 포포타올 | B3: =D9 -> 599517 | C3: =B3 -> 599517 | G3: 6월 포포타올 매출 기준 5%
A4: 총합계 | B4: =SUM(B3) -> 599517 | C4: =SUM(C3) -> 599517 | D4: =C4/2 -> 299758.5 | G4: =판매내역집계!H21 -> 148901.5
A8: 보고 시작 | B8: 보고 종료 | C8: 광고 이름 | D8: 지출 금액 (KRW) | E8: 노출 | F8: CPM(1,000회 노출당 비용) (KRW) | G8: 도달 | H8: 빈도 | I8: CTR(전체) % | J8: 링크 클릭 | K8: CPC(전체) (KRW) | L8: 구매 ROAS(광고 지출 대비 수익률)
A9: 46174 | B9: 46203 | C9: 20260417_포포타올 광고 캠페인 | D9: 599517 | E9: 71512 | F9: 8383 | G9: 57598 | H9: 1.24 | I9: 7.64 | J9: 4702 | K9: 110

Sheet 판매내역집계
A1: 202606 | B1: 영이공구 판매내역 집계
B2: 스마트스토어 : 6/1-6/30 [구매확정] 기준 집계
B3: 우프자사몰 : 6/1-6/30 [배송완료] 기준 집계
A6: 제품 | B6: 구매옵션 | C6: 정상가 | D6: 공구판매가 | E6: 판매수량 | F6: 공구매출계 | G6: 공구수수료
A7: 콘디 | B7: 블루화이트 1개 | D7: 26900 | E7: 99 | F7: =D7*E7 -> 2663100 | G7: =F7*20% -> 532620
B8: 블루화이트 2개 | D8: 51900 | E8: 57 | F8: =D8*E8 -> 2958300 | G8: =F8*20% -> 591660
B9: 블루화이트 3개 | D9: 71900 | E9: 8 | F9: =D9*E9 -> 575200 | G9: =F9*20% -> 115040
B10: 아이스팩 파우치 | D10: 18900 | E10: 16 | F10: =D10*E10 -> 302400 | G10: =F10*20% -> 60480
B11: 합계 | E11: =SUM(E7:E10) -> 180 | F11: =SUM(F7:F10) -> 6499000 | G11: =SUM(G7:G10) -> 1299800
A12: 이케코백 | B12: 체크 옐로우 SM | D12: 89250 | E12: 2 | F12: =D12*E12 -> 178500 | G12: =F12*20% -> 35700
B13: 체크 옐로우 ML | D13: 99250 | E13: 2 | F13: =D13*E13 -> 198500 | G13: =F13*20% -> 39700
B14: 체크 블루 ML | D14: 99250 | E14: 1 | F14: =D14*E14 -> 99250 | G14: =F14*20% -> 19850
B15: 메쉬백 SM | D15: 31200 | E15: 0 | F15: =D15*E15 -> 0 | G15: =F15*20% -> 0
B16: 메쉬백 ML | D16: 34200 | E16: 14 | F16: =D16*E16 -> 478800 | G16: =F16*20% -> 95760
B17: 합계 | E17: =SUBTOTAL(9,E12:E16) -> 19 | F17: =SUBTOTAL(9,F12:F16) -> 955050 | G17: =SUBTOTAL(9,G12:G16) -> 191010
A18: 포포타올 | B18: 드라잉타올 추가 | D18: 21060 | E18: 24 | F18: =D18*E18 -> 505440 | G18: =F18*20% -> 101088
B19: 6개이상 | D19: 6170 | E19: 223 | F19: =D19*E19 -> 1375910 | G19: =F19*20% -> 275182
B20: 1~5개 | D20: 7410 | E20: 148 | F20: =D20*E20 -> 1096680 | G20: =F20*20% -> 219336
B21: 합계 | E21: =SUM(E18:E20) -> 395 | F21: =SUM(F18:F20) -> 2978030 | G21: =SUM(G18:G20) -> 595606 | H21: =F21*5% -> 148901.5
B22: 최종 합계 | E22: =E11+E17+E21 -> 594 | F22: =F11+F17+F21 -> 10432080 | G22: =G11+G17+G21 -> 2086416

Sheet DB) 스마트스토어(6월구매확정)
A1: 상품주문번호 | B1: 주문번호 | C1: 구매확정일 | D1: 판매채널 | E1: 주문상태 | F1: 구매자명 | G1: 구매자ID | H1: 수취인명 | I1: 발송처리일 | J1: 배송방법 | K1: 택배사 | L1: 송장번호 | M1: 배송완료일 | N1: 상품번호 | O1: 상품명 | P1: 상품종류 | Q1: 옵션정보 | R1: 수량 | S1: 상품가격 | T1: 옵션가격 | U1: 최종 상품별 할인액 | V1: 판매자 부담 할인액 | W1: 최종 상품별 총 주문금액 | X1: 판매자 상품코드 | Y1: 판매자 내부코드1 | Z1: 판매자 내부코드2 | AA1: 배송비 묶음번호 | AB1: 배송비 형태 | AC1: 배송비 유형 | AD1: 배송비 합계 | AE1: 제주/도서 추가배송비 | AF1: 배송비 할인액 | AG1: 결제일 | AH1: 결제수단 | AI1: 결제위치 | AJ1: 네이버페이 주문관리 수수료 | AK1: 매출연동 수수료 | AL1: 정산예정금액
A2: 2026052596708711 | B2: 2026052544072241 | C2: 46174.467 | D2: 스마트스토어 | E2: 구매확정 | F2: 강현진 | G2: deda******* | H2: 강현진 | I2: 46168.438 | J2: 택배,등기,소포 | K2: 로젠택배 | L2: 92235430350 | M2: 46169.77 | N2: 9927394880 | O2: [영이 공구x베럴즈] PAW PAW TOWEL 특가 | P2: 조합형옵션상품 | Q2: 1~5개 | R2: 3 | S2: 9500 | T2: 0 | U2: 6270 | V2: 6270 | W2: 22230 | AA2: 2026052594980609 | AB2: 선결제 | AC2: 조건부무료 | AD2: 3000 | AE2: 0 | AF2: 0 | AG2: 46167.097 | AH2: 후불결제 | AI2: MOBILE | AJ2: -606 | AK2: -222 | AL2: 21402
A3: 2026052491896041 | B3: 2026052441033491 | C3: 46174.472 | D3: 스마트스토어 | E3: 구매확정 | F3: 정혜련 | G3: beau***** | H3: 정혜련 | I3: 46168.438 | J3: 택배,등기,소포 | K3: 로젠택배 | L3: 92235430335 | M3: 46169.553 | N3: 9927394880 | O3: [영이 공구x베럴즈] PAW PAW TOWEL 특가 | P3: 조합형옵션상품 | Q3: 1~5개 | R3: 3 | S3: 9500 | T3: 0 | U3: 6270 | V3: 6270 | W3: 22230 | AA3: 2026052494689904 | AB3: 선결제 | AC3: 조건부무료 | AD3: 3000 | AE3: 0 | AF3: 0 | AG3: 46166.933 | AH3: 머니결제 | AI3: MOBILE | AJ3: -606 | AK3: -222 | AL3: 21402
A4: 2026052465272871 | B4: 2026052422664091 | C4: 46174.488 | D4: 스마트스토어 | E4: 구매확정 | F4: 이나현 | G4: hoyh**** | H4: 이나현 | I4: 46168.438 | J4: 택배,등기,소포 | K4: 로젠택배 | L4: 92235430243 | M4: 46169.686 | N4: 9927394880 | O4: [영이 공구x베럴즈] PAW PAW TOWEL 특가 | P4: 조합형옵션상품 | Q4: 1~5개 | R4: 2 | S4: 9500 | T4: 0 | U4: 4180 | V4: 4180 | W4: 14820 | AA4: 2026052492917696 | AB4: 선결제 | AC4: 조건부무료 | AD4: 3000 | AE4: 0 | AF4: 0 | AG4: 46166.004 | AH4: 포인트결제 | AI4: MOBILE | AJ4: -404 | AK4: -148 | AL4: 14268
A5: 2026052999818151 | B5: 2026052975792181 | C5: 46174.759 | D5: 스마트스토어 | E5: 구매확정 | F5: 김영백 | G5: sksm******* | H5: 김영백 | I5: 46171.653 | J5: 택배,등기,소포 | K5: 로젠택배 | L5: 92235601942 | M5: 46172.549 | N5: 9927394880 | O5: [영이 공구x베럴즈] PAW PAW TOWEL 특가 | P5: 조합형옵션상품 | Q5: 6개이상 | R5: 6 | S5: 9500 | T5: 0 | U5: 19980 | V5: 19980 | W5: 37020 | AA5: 2026052916676287 | AB5: 무료 | AC5: 조건부무료 | AD5: 0 | AE5: 0 | AF5: 0 | AG5: 46171.568 | AH5: 머니결제 | AI5: MOBILE | AJ5: -1009 | AK5: -370 | AL5: 35641
A6: 2026052910069431 | B6: 2026052975959971 | C6: 46174.793 | D6: 스마트스토어 | E6: 구매확정 | F6: 정설영 | G6: mayb***** | H6: 정설영 | I6: 46171.646 | J6: 택배,등기,소포 | K6: 로젠택배 | L6: 92235601953 | M6: 46172.68 | N6: 9927394880 | O6: [영이 공구x베럴즈] PAW PAW TOWEL 특가 | P6: 조합형옵션상품 | Q6: 1~5개 | R6: 2 | S6: 9500 | T6: 0 | U6: 4180 | V6: 4180 | W6: 14820 | AA6: 2026052916692177 | AB6: 선결제 | AC6: 조건부무료 | AD6: 3000 | AE6: 0 | AF6: 0 | AG6: 46171.572 | AH6: 신용카드 간편결제 | AI6: MOBILE | AJ6: -403 | AK6: -148 | AL6: 14269
A7: 2026052997813261 | B7: 2026052974446091 | C7: 46175.515 | D7: 스마트스토어 | E7: 구매확정 | F7: 김민희 | G7: mini****** | H7: 김민희 | I7: 46171.653 | J7: 택배,등기,소포 | K7: 로젠택배 | L7: 92235601931 | M7: 46172.552 | N7: 9927394880 | O7: [영이네 공구x베럴즈] 그루밍잼 드라잉 타올 특가 | P7: 추가구성상품 | Q7: 드라잉타올추가 (정가 27000원): 1개 | R7: 1 | S7: 21060 | T7: 0 | U7: 0 | V7: 0 | W7: 21060 | AA7: 2026052916548092 | AB7: 선결제 | AC7: 조건부무료 | AD7: 3000 | AE7: 0 | AF7: 0 | AG7: 46171.531 | AH7: 신용카드 간편결제 | AI7: MOBILE | AJ7: -574 | AK7: -210 | AL7: 20276
A8: 2026052997813251 | B8: 2026052974446091 | C8: 46175.515 | D8: 스마트스토어 | E8: 구매확정 | F8: 김민희 | G8: mini****** | H8: 김민희 | I8: 46171.653 | J8: 택배,등기,소포 | K8: 로젠택배 | L8: 92235601931 | M8: 46172.552 | N8: 9927394880 | O8: [영이 공구x베럴즈] PAW PAW TOWEL 특가 | P8: 조합형옵션상품 | Q8: 1~5개 | R8: 1 | S8: 9500 | T8: 0 | U8: 2090 | V8: 2090 | W8: 7410 | AA8: 2026052916548092 | AB8: 선결제 | AC8: 조건부무료 | AD8: 3000 | AE8: 0 | AF8: 0 | AG8: 46171.531 | AH8: 신용카드 간편결제 | AI8: MOBILE | AJ8: -201 | AK8: -74 | AL8: 7135
A9: 2026052876209461 | B9: 2026052860134141 | C9: 46175.641 | D9: 스마트스토어 | E9: 구매확정 | F9: 유주애 | G9: snic***** | H9: 유주애 | I9: 46171.501 | J9: 택배,등기,소포 | K9: 로젠택배 | L9: 92235591383 | M9: 46172.467 | N9: 9927394880 | O9: [영이 공구x베럴즈] PAW PAW TOWEL 특가 | P9: 조합형옵션상품 | Q9: 1~5개 | R9: 1 | S9: 9500 | T9: 0 | U9: 2090 | V9: 2090 | W9: 7410 | AA9: 2026052815185932 | AB9: 선결제 | AC9: 조건부무료 | AD9: 3000 | AE9: 0 | AF9: 0 | AG9: 46170.87 | AH9: 신용카드 | AI9: MOBILE | AJ9: -202 | AK9: -74 | AL9: 7134
A10: 2026053174832791 | B10: 2026053131263021 | C10: 46175.738 | D10: 스마트스토어 | E10: 구매확정 | F10: 유영선 | G10: rose********* | H10: 유영선 | I10: 46174.639 | J10: 택배,등기,소포 | K10: 로젠택배 | L10: 92235668313 | M10: 46175.471 | N10: 9927394880 | O10: [영이 공구x베럴즈] PAW PAW TOWEL 특가 | P10: 조합형옵션상품 | Q10: 1~5개 | R10: 4 | S10: 9500 | T10: 0 | U10: 8360 | V10: 8360 | W10: 29640 | AA10: 2026053120973818 | AB10: 선결제 | AC10: 조건부무료 | AD10: 3000 | AE10: 0 | AF10: 0 | AG10: 46173.728 | AH10: 신용카드 | AI10: MOBILE | AJ10: -808 | AK10: -296 | AL10: 28536
A11: 2026060129841931 | B11: 2026060160336291 | C11: 46175.827 | D11: 스마트스토어 | E11: 구매확정 | F11: 김보미 | G11: dahe***** | H11: 카페봄 | I11: 46174.652 | J11: 택배,등기,소포 | K11: 로젠택배 | L11: 92235679911 | M11: 46175.555 | N11: 9927394880 | O11: [영이 공구x베럴즈] PAW PAW TOWEL 특가 | P11: 조합형옵션상품 | Q11: 1~5개 | R11: 4 | S11: 9500 | T11: 0 | U11: 8360 | V11: 8360 | W11: 29640 | AA11: 2026060123739802 | AB11: 선결제 | AC11: 조건부무료 | AD11: 3000 | AE11: 0 | AF11: 0 | AG11: 46174.617 | AH11: 신용카드 간편결제 | AI11: MOBILE | AJ11: -808 | AK11: -296 | AL11: 28536
A12: 2026060192709831 | B12: 2026060143024241 | C12: 46175.905 | D12: 스마트스토어 | E12: 구매확정 | F12: 남기선 | G12: rltj***** | H12: 남기선 | I12: 46174.639 | J12: 택배,등기,소포 | K12: 로젠택배 | L12: 92235669481 | M12: 46175.967 | N12: 10639966326 | O12: [영이네 공구x베럴즈] 그루밍잼 드라잉 타올 특가 | P12: 조합형옵션상품 | Q12: 드라잉타올추가 (정가 27000원): 1개 | R12: 1 | S12: 27000 | T12: 0 | U12: 5940 | V12: 5940 | W12: 21060 | AA12: 2026060122065734 | AB12: 선결제 | AC12: 조건부무료 | AD12: 3000 | AE12: 0 | AF12: 0 | AG12: 46174.059 | AH12: 휴대폰 | AI12: MOBILE | AJ12: -574 | AK12: -210 | AL12: 20276
A13: 2026053183119031 | B13: 2026053137058801 | C13: 46175.974 | D13: 스마트스토어 | E13: 구매확정 | F13: 윤정은 | G13: milk**** | H13: 윤정은 | I13: 46174.639 | J13: 택배,등기,소포 | K13: 로젠택배 | L13: 92235668556 | M13: 46175.681 | N13: 9927394880 | O13: [영이 공구x베럴즈] PAW PAW TOWEL 특가 | P13: 조합형옵션상품 | Q13: 6개이상 | R13: 6 | S13: 9500 | T13: 0 | U13: 19980 | V13: 19980 | W13: 37020 | AA13: 2026053121513701 | AB13: 무료 | AC13: 조건부무료 | AD13: 0 | AE13: 0 | AF13: 0 | AG13: 46173.897 | AH13: 신용카드 간편결제 | AI13: MOBILE | AJ13: -1009 | AK13: -370 | AL13: 35641
... A135: 2026062562841451 | B135: 2026062556562421 | C135: 46203.806 | D135: 스마트스토어 | E135: 구매확정 | F135: 박정숙 | G135: mint****** | H135: 박정숙 | I135: 46199.599 | J135: 택배,등기,소포 | K135: CJ대한통운 | L135: 522168544884 | M135: 46200.603 | N135: 10565999120 | O135: [영이 공구x베럴즈] 이케코백 | P135: 조합형옵션상품 | Q135: 사이즈: ML / 색상: 체크블루 (6월 26일 순차배송) | R135: 1 | S135: 119000 | T135: 10000 | U135: 29750 | V135: 29750 | W135: 99250 | AA135: 2026062583571556 | AB135: 무료 | AC135: 조건부무료 | AD135: 0 | AE135: 0 | AF135: 0 | AG135: 46198.448 | AH135: 신용카드 간편결제 | AI135: MOBILE | AJ135: -2707 | AK135: -992 | AL135: 95551

Sheet DB) 콘디(6월배송완료)
A1: 구분 | B1: 행 레이블 | C1: 주문수 | D1: 옵션(수량) | E1: 총수량(개)
A2: 단품 | B2: 블루화이트 1개 | C2: 99 | D2: 1 | E2: =C2*D2 -> 99
A3: 단품 | B3: 블루화이트 2개 | C3: 57 | D3: 2 | E3: =C3*D3 -> 114
A4: 단품 | B4: 블루화이트 3개 | C4: 8 | D4: 3 | E4: =C4*D4 -> 24
A5: 단품 | B5: 아이스팩 파우치 | C5: 16 | D5: 1 | E5: 16
B6: 총합계 | C6: 180 | E6: =SUM(E2:E5) -> 253
A8: 주문자명 | B8: 주문상품명(옵션포함) | C8: 수량 | D8: 주문번호 | E8: 주문일시 | F8: 결제일시(입금확인일)
A9: 안정민 | B9: 블루화이트 1개 | C9: 1 | D9: 20260529-0000175 | E9: 46171.94 | F9: 46171.94
A10: 유혜림 | B10: 블루화이트 1개 | C10: 1 | D10: 20260530-0000014 | E10: 46172.034 | F10: 46172.034
A11: 윤미선 | B11: 블루화이트 1개 | C11: 1 | D11: 20260530-0000029 | E11: 46172.036 | F11: 46172.036
A12: 박윤주 | B12: 블루화이트 1개 | C12: 1 | D12: 20260530-0000107 | E12: 46172.411 | F12: 46172.411
A13: 노수빈 | B13: 블루화이트 2개 | C13: 1 | D13: 20260530-0000121 | E13: 46172.55 | F13: 46172.55
A14: 남장훈 | B14: 블루화이트 2개 | C14: 1 | D14: 20260530-0000190 | E14: 46172.844 | F14: 46172.844
A15: 최가은 | B15: 블루화이트 2개 | C15: 1 | D15: 20260531-0000017 | E15: 46173.072 | F15: 46173.072
A16: 임유아 | B16: 블루화이트 1개 | C16: 1 | D16: 20260531-0000023 | E16: 46173.308 | F16: 46173.308
A17: 정여민 | B17: 블루화이트 2개 | C17: 1 | D17: 20260531-0000038 | E17: 46173.457 | F17: 46173.457
A18: 조원란 | B18: 블루화이트 1개 | C18: 1 | D18: 20260531-0000069 | E18: 46173.518 | F18: 46173.518
A19: 조예진 | B19: 블루화이트 1개 | C19: 1 | D19: 20260531-0000080 | E19: 46173.674 | F19: 46173.674
A20: 박성미 | B20: 블루화이트 2개 | C20: 1 | D20: 20260531-0000093 | E20: 46173.684 | F20: 46173.684
... A185: 이성민 | B185: 블루화이트 1개 | C185: 1 | D185: 20260626-0000041 | E185: 46199.546 | F185: 46199.546
