Workbook

Sheet 종합정산
B2: [판매내역 종합] | J2: vat포함
B3: 정산 월 | C3: 실판매수량 | D3: 판매정가계 | E3: 할인계 | F3: 실판매계 | G3: 공제 수수료 (공급마진) | H3: 매출계 | I3: 실비 | J3: 이익
B4: 46113 | C4: ='채널별 판매데이터 정리'!K78 -> 307 | D4: ='채널별 판매데이터 정리'!K79 -> 6754000 | E4: =D4-F4 -> 2049740 | F4: ='채널별 판매데이터 정리'!K80 -> 4704260 | G4: ='채널별 판매데이터 정리'!K81 -> 1062325 | H4: =F4-G4 -> 3641935 | I4: =F26 -> 738480 | J4: =H4-I4 -> 2903455
L5: [재고현황] | M5: 자사물류센터 입출고 기준
B6: [정산 방식/ VAT포함] | N6: 4월 1일 | Q6: =N6&" ~ "&W6 -> 4월 1일 ~ 4월 30일 | W6: 4월 30일
B7: 항목 | F7: 비고 | N7: 기초재고 | Q7: 입고 | T7: 출고 | W7: 기말재고
B8: A 수수료 (공급마진) | F8: 각 유통 채널별 공급마진 (위탁은 수수료/ 매입은 공급할인액) 기준 | L8: 품목관리코드 | M8: 품목명 | N8: 전체 | O8: 정상 | P8: 불용 | Q8: 전체 | R8: 입고 | S8: 반품 | T8: 전체 | U8: 판매 | V8: 비매출 | W8: 전체 | X8: 정상 | Y8: 불용
B9: B 매출계 (월별 최종 판매 금액) | F9: 월별 제품 최종판매금액 (정가 - 프로모션 등 할인이 반영된 최종 결제 금액) | L9: 8809879544118 | M9: 도톤 포레스트 워터리스 풋클리너 100ml | N9: =O9+P9 -> 131 | O9: 131 | P9: 0 | Q9: =R9+S9 -> 0 | R9: 0 | T9: =U9+V9 -> 10 | U9: 8 | V9: 2 | W9: =N9+Q9-T9 -> 121 | X9: =W9-Y9 -> 121
B10: C 실비 | F10: 운송료 실비, PG결제 수수료 등 | L10: 8809879544101 | M10: 도톤 포레스트 아웃도어 스프레이 150ml | N10: =O10+P10 -> 337 | O10: 337 | P10: 0 | Q10: =R10+S10 -> 199 | R10: 198 | S10: 1 | T10: =U10+V10 -> 277 | U10: 270 | V10: 7 | W10: =N10+Q10-T10 -> 259 | X10: =W10-Y10 -> 259
B11: D 이익 | F11: 판매 매출 발생 시, “월별 제품 최종 판매 금액”을 기준으로, 인플루언서 공구 수수료를 포함한 각각의 입점 채널별 공급 수수료, 운송료 실비, PG사 결제 수수료를 제외한 금액
M12: 합계 | N12: =SUM(N9:N11) -> 468 | O12: =SUM(O9:O11) -> 468 | P12: =SUM(P9:P11) -> 0 | Q12: =SUM(Q9:Q11) -> 199 | R12: =SUM(R9:R11) -> 198 | S12: =SUM(S9:S11) -> 1 | T12: =SUM(T9:T11) -> 287 | U12: =SUM(U9:U11) -> 278 | ... Y12: =SUM(Y9:Y11) -> 0
B14: 매출계산서발행 | F14: vat포함
B15: 항목 | C15: 구분 | D15: 비율 | E15: 금액 | F15: 비고
B16: 이익분배 | C16: 유씨엘주식회사 | D16: 0.4 | E16: =J4*D16 -> 1161382
C17: 우프컴퍼니(주) | D17: 0.3 | E17: =J4*D17 -> 871036.5
C18: 재계약중 | D18: 0.3 | E18: =J4*D18 -> 871036.5 | F18: 제외
B19: 합계 | D19: =SUM(D16:D18) -> 1 | E19: =SUM(E16:E18) -> 2903455
B21: [실비 : 운임/물류] | F21: vat포함
B22: 2026년 4월 | C22: 물류 실비 산정
C23: 수량(출고건수) | D23: 택배 | E23: 피킹/패킹/부자재 | F23: 총계
B24: 택배(소형) | C24: 181 | D24: 2650 | E24: 1430 | F24: =C24*(D24+E24) -> 738480
B25: 택배(중대형) | D25: 4400 | E25: 1430 | F25: =C25*(D25+E25) -> 0
B26: 합계 | C26: =SUM(C24:C25) -> 181 | F26: =SUM(F24:F25) -> 738480
B27: *입고비용 및 보관비용은 한시적 청구제외 하였으며, 운송실비(당사가 3PL 지불하는 택배운임비 +물류비) 청구기준만 기재되었습니다.
B28: *퀵/용달 등 별도 운송비 발생시에는 개별기재합니다.
F29: vat별도
B30: 항목 | C30: 항목 | D30: 견적(원) | E30: 단위 | F30: 비고
B31: 3PL 단가표 | C31: 보관료 | E31: 월/평당 | F31: 청구제외
C32: 입고비용 | D32: 0 | E32: 건 | F32: 청구제외
C33: 택배운임비 | D33: 2500 | E33: 건 | F33: 로젠택배(소형)
C34: 택배운임비 | D34: 4000 | E34: 건 | F34: 로젠택배(중대형)
C35: 물류비 | D35: 1300 | E35: 건 | F35: 부자재 /피킹/패킹
B38: [메모/특이사항]
B39: 재고이동(오프라인 위탁진열/ 판매시 정산)
B40: 비매출: 협찬, 진열품, 샘플 등의 무상사용
B41: 세금계산서는 정산 월 기준 익익월 10일에 발행 예정입니다.
B42: 정산금액은 정산 월 기준 익월 15일에 입금 예정이며 정산금액 활용안 협의에 따라 변경될 수 있습니다.
B43: 불용이슈: 패키지 손상/파손

Sheet 채널별 판매데이터 정리
B1: 판매기간 2026 4/1 - 4/30
B4: 몽슈슈 | D4: 주요채널: 오프라인 백화점 팝업스토어 | K4: 위탁재고
B5: 순번 | C5: 제품 | D5: 정가 | E5: 공급가 | F5: 기본수수료 | G5: 판매수량 | H5: 프로모션차감 | I5: 매출합계 | J5: 수수료합계 | K5: 정산합계 | L5: 정가합계
B6: 1 | C6: DOTEON Foot Cleaner | D6: 22000 | E6: 13200 | F6: 0.4 | G6: 13 | H6: 17160 | I6: =E6*G6 -> 171600 | K6: 154440 | L6: =D6*G6 -> 286000
B7: 2 | C7: DOTEON Outdoor Spray | D7: 22000 | E7: 13200 | F7: 0.4 | G7: 14 | H7: 18480 | I7: =E7*G7 -> 184800 | K7: 166320 | L7: =D7*G7 -> 308000
C8: 합계 | G8: 27 | H8: 35640 | I8: =SUM(I6:I7) -> 356400 | K8: 320760 | L8: =SUM(L6:L7) -> 594000
B11: 스마트스토어
B12: 순번 | C12: 품목 구성 | D12: 정가 | E12: 프로모션가 | F12: 할인율 | G12: 판매수량 | H12: 매출합계 | I12: 수수료 | J12: 수수료합계 | K12: 정산합계 | L12: 정가합계
B13: 1 | C13: DOTEON Foot Cleaner | D13: 22000 | E13: =D13-(D13*F13) -> 17600 | F13: 0.2 | G13: 0 | H13: =E13*G13 -> 0 | I13: 0.05 | J13: =H13*I13 -> 0 | K13: =H13-J13 -> 0 | L13: =D13*G13 -> 0
B14: 2 | C14: DOTEON Outdoor Spray | D14: 22000 | E14: =D14-(D14*F14) -> 17600 | F14: 0.2 | G14: 3 | H14: =E14*G14 -> 52800 | I14: 0.05 | J14: =H14*I14 -> 2640 | K14: =H14-J14 -> 50160 | L14: =D14*G14 -> 66000
C15: 합계 | G15: =SUM(G13:G14) -> 3 | H15: =SUM(H13:H14) -> 52800 | J15: =SUM(J13:J14) -> 2640 | K15: =H15-J15 -> 50160 | L15: =SUM(L13:L14) -> 66000
B18: 테일릿 | D18: 주요채널: 대리점(오프라인B2B전용 도매유통업) - 소매점 40% + 대리점마진 20% | K18: 매입(판매)
B19: 순번 | C19: 품목 구성 | D19: 정가 | E19: 소매점가 | F19: 소매점수수료 | G19: 대리점가 | H19: 대리점수수료 | I19: 판매수량 | J19: 수수료합계 | K19: 정산합계 | L19: 정가합계
B20: 1 | C20: DOTEON Foot Cleaner | D20: 22000 | E20: =D20-D20*F20 -> 13200 | F20: 0.4 | G20: =E20-E20*H20 -> 10560 | H20: 0.2 | I20: 0 | J20: =D20*0.52*I20 -> 0 | K20: =G20*I20 -> 0 | L20: =D20*I20 -> 0
B21: 2 | C21: DOTEON Outdoor Spray | D21: 22000 | E21: =D21-D21*F21 -> 13200 | F21: 0.4 | G21: =E21-E21*H21 -> 10560 | H21: 0.2 | I21: 0 | J21: =D21*0.52*I21 -> 0 | K21: =G21*I21 -> 0 | L21: =D21*I21 -> 0
C22: 합계 | I22: =SUM(I20:I21) -> 0 | J22: =SUM(J20:J21) -> 0 | K22: =SUM(K20:K21) -> 0 | L22: =SUM(L17:L21) -> 0
B25: 철수마켓 | K25: 판매자위탁배송
B26: 순번 | C26: 품목 구성 | D26: 정가 | E26: 프로모션가 | F26: 공급가 | G26: 수수료율 | H26: 판매수량 | I26: 매출합계 | J26: 수수료합계 | K26: 정산합계 | L26: 정가합계
B27: 1 | C27: DOTEON Foot Cleaner | D27: 22000 | E27: 22000 | F27: =E27-E27*G27 -> 16500 | G27: 0.25 | H27: 0 | I27: =E27*H27 -> 0 | J27: =E27*G27*H27 -> 0 | K27: =I27-J27 -> 0 | L27: =H27*D27 -> 0
C28: 합계 | H28: =SUM(H27:H27) -> 0 | I28: =SUM(I27) -> 0 | J28: =SUM(J27) -> 0 | K28: =SUM(K27) -> 0 | L28: =SUM(L27) -> 0
B31: 몰리스(이마트) | K31: 위탁재고
B32: 순번 | C32: 품목 구성 | D32: 정가 | E32: 프로모션가 | F32: 공급가 | G32: 수수료율 | H32: 판매수량 | I32: 매출합계 | J32: 수수료합계 | K32: 정산합계 | L32: 정가합계
B33: 1 | C33: DOTEON Foot Cleaner | D33: 22000 | E33: 22000 | F33: =E33-E33*G33 -> 15400 | G33: 0.3 | H33: 1 | I33: =E33*H33 -> 22000 | J33: =E33*G33*H33 -> 6600 | K33: =I33-J33 -> 15400 | L33: =D33*H33 -> 22000
B34: 2 | C34: DOTEON Outdoor Spray | D34: 22000 | E34: 22000 | F34: =E34-E34*G34 -> 15400 | G34: 0.3 | H34: 2 | I34: =E34*H34 -> 44000 | J34: =E34*G34*H34 -> 13200 | K34: =I34-J34 -> 30800 | L34: =D34*H34 -> 44000
C35: 합계 | H35: =SUM(H33:H34) -> 3 | I35: =SUM(I33:I34) -> 66000 | J35: =SUM(J33:J34) -> 19800 | K35: =SUM(K33:K34) -> 46200 | L35: =SUM(L33:L34) -> 66000
B38: 오버더센스 | D38: 주요채널: 제주도 반려동물 동반시설 | K38: 위탁재고
B39: 순번 | C39: 품목 구성 | D39: 정가 | E39: 공급가 | F39: 수수료율 | G39: 판매수량 | I39: 매출합계 | J39: 수수료합계 | K39: 정산합계 | L39: 정가합계
B40: 1 | C40: DOTEON Foot Cleaner | D40: 22000 | E40: =D40-D40*F40 -> 14740 | F40: 0.33 | G40: 0
B41: 2 | C41: DOTEON Outdoor Spray | D41: 22000 | E41: =D41-D41*F41 -> 14740 | F41: 0.33 | G41: 0
C42: 합계 | G42: =SUM(G40:G41) -> 0 | K42: =SUM(K40:K41) -> 0 | L42: =SUM(L40:L41) -> 0
B45: 우프자사몰 | D45: 주요채널: 우프앱/자사몰/스마트스토어 | G45: PG | K45: 직매출
B46: 순번 | C46: 품목 구성 | D46: 정가 | E46: 행사가 | F46: 할인율 | G46: 수수료율 | H46: 판매수량 | I46: 매출합계 | J46: 수수료합계 | K46: 정산합계 | L46: 정가합계
B47: 1 | C47: DOTEON Foot Cleaner | D47: 22000 | E47: =D47-D47*F47 -> 17600 | F47: 0.2 | G47: 0.05 | H47: 8 | I47: =E47*H47 -> 140800 | J47: =I47*G47 -> 7040 | K47: =I47-J47 -> 133760 | L47: =D47*H47 -> 176000
B48: 2 | C48: DOTEON Outdoor Spray | D48: 22000 | E48: =D48-D48*F48 -> 17600 | F48: 0.2 | G48: 0.05 | H48: 8 | I48: =E48*H48 -> 140800 | J48: =I48*G48 -> 7040 | K48: =I48-J48 -> 133760 | L48: =D48*H48 -> 176000
C49: 합계 | H49: =SUM(H47:H48) -> 16 | I49: =SUM(I47:I48) -> 281600 | J49: =SUM(J47:J48) -> 14080 | K49: =SUM(K47:K48) -> 267520 | L49: =SUM(L47:L48) -> 352000
B51: 자사몰-공구 | D51: 주요채널: 영이공구(인플루언서) | G51: 공구+PG | K51: 직매출
B52: 순번 | C52: 품목 구성 | D52: 정가 | E52: 행사가 | F52: 할인율 | G52: 공구수수료 | H52: 판매수량 | I52: 매출합계 | J52: 수수료합계 | K52: 정산합계 | L52: 정가합계
B53: 1 | C53: DOTEON Outdoor Spray | D53: 22000 | E53: =D53-D53*F53 -> 16500 | F53: 0.25 | G53: 0.25 | H53: 81 | I53: =E53*H53 -> 1336500 | J53: =I53*G53 -> 334125 | K53: =I53-J53 -> 1002375 | L53: =D53*H53 -> 1782000
B54: 2 | C54: DOTEON Outdoor Spray 2개구매시 | D54: 22000 | E54: =D54-D54*F54 -> 14960 | F54: 0.32 | G54: 0.25 | H54: 108 | I54: =E54*H54 -> 1615680 | J54: =I54*G54 -> 403920 | K54: =I54-J54 -> 1211760 | L54: =D54*H54 -> 2376000
B55: 3 | C55: DOTEON Outdoor Spray 3개구매시 | D55: 22000 | E55: =D55-D55*F55 -> 14080 | F55: 0.36 | G55: 0.25 | H55: 66 | I55: =E55*H55 -> 929280 | J55: =I55*G55 -> 232320 | K55: =I55-J55 -> 696960 | L55: =D55*H55 -> 1452000
C56: 합계 | H56: =SUM(H53:H55) -> 255 | I56: =SUM(I53:I55) -> 3881460 | J56: =SUM(J53:J55) -> 970365 | K56: =SUM(K53:K55) -> 2911095 | L56: =SUM(L53:L55) -> 5610000
B58: 우프B2B사업자몰 | D58: 주요채널: 우프거래_오프라인사업자 | G58: PG | K58: 직매출
B59: 순번 | C59: 품목 구성 | D59: 정가 | E59: 소매점가 | F59: 할인율 | G59: 수수료율 | H59: 판매수량 | I59: 매출합계 | J59: 수수료합계 | K59: 정산합계 | L59: 정가합계
B60: 1 | C60: DOTEON Foot Cleaner | D60: 22000 | E60: =D60-D60*F60 -> 13200 | F60: 0.4 | G60: 0.05 | I60: =E60*H60 -> 0 | J60: =I60*G60 -> 0 | K60: =I60-J60 -> 0 | L60: =D60*H60 -> 0
B61: 2 | C61: DOTEON Outdoor Spray | D61: 22000 | E61: =D61-D61*F61 -> 13200 | F61: 0.4 | G61: 0.05 | I61: =E61*H61 -> 0 | J61: =I61*G61 -> 0 | K61: =I61-J61 -> 0 | L61: =D61*H61 -> 0
C62: 합계 | H62: =SUM(H60:H61) -> 0 | I62: =SUM(I60:I61) -> 0 | J62: =SUM(J60:J61) -> 0 | K62: =SUM(K60:K61) -> 0 | L62: =SUM(L60:L61) -> 0
B65: 컬리 | G65: 조율
B66: 순번 | C66: 품목 구성 | D66: 정가 | E66: 할인가 | F66: 할인율 | G66: 수수료율 | H66: 판매수량 | I66: 매출합계 | J66: 수수료합계 | K66: 정산합계 | L66: 정가합계
B67: 1 | C67: DOTEON Foot Cleaner | D67: 22000 | E67: =D67-D67*F67 -> 22000 | G67: 0.3 | H67: 1 | I67: =E67*H67 -> 22000 | J67: =E67*G67*H67 -> 6600 | K67: =I67-J67 -> 15400 | L67: =H67*D67 -> 22000
B68: 2 | C68: DOTEON Outdoor Spray | D68: 22000 | E68: =D68-D68*F68 -> 22000 | G68: 0.3 | H68: 2 | I68: =E68*H68 -> 44000 | J68: =E68*G68*H68 -> 13200 | K68: =I68-J68 -> 30800 | L68: =H68*D68 -> 44000
C69: 합계 | H69: =SUM(H67:H68) -> 3 | I69: =SUM(I67:I68) -> 66000 | J69: =SUM(J67:J68) -> 19800 | K69: =SUM(K67:K68) -> 46200 | L69: =SUM(L67:L68) -> 66000
B71: 쿠팡 | C71: *신규
B72: 순번 | C72: 품목 구성 | D72: 정가 | E72: 판매가 | F72: 수수료율 | G72: 공급가(고정) | H72: 판매수량 | I72: 매출합계 | J72: 수수료합계 | K72: 정산합계 | L72: 정가합계
B73: 1 | C73: DOTEON Foot Cleaner | D73: 22000 | E73: 22000 | F73: 0.37 | G73: =E73*(63%) -> 13860 | I73: =E73*H73 -> 0 | J73: =I73*F73 -> 0 | K73: =I73-J73 -> 0 | L73: =H73*D73 -> 0
B74: 2 | C74: DOTEON Outdoor Spray | D74: 22000 | E74: 22000 | F74: 0.37 | G74: =E74*(63%) -> 13860 | I74: =E74*H74 -> 0 | J74: =I74*F74 -> 0 | K74: =I74-J74 -> 0 | L74: =H74*D74 -> 0
C75: 합계 | H75: =SUM(H73:H74) -> 0 | I75: =SUM(I73:I74) -> 0 | J75: =SUM(J73:J74) -> 0 | K75: =SUM(K73:K74) -> 0 | L75: =SUM(L73:L74) -> 0
J78: 총 판매수량 | K78: =G8+M15+H49+I22+H28+H35+G42+H62+H69+H75+H56+G15 -> 307 | L78: 실 수량(1EA단위)
J79: 정가합계 | K79: =L8+L15+L49+L22+L28+L35+L42+L62+L69+L75+L56 -> 6754000 | L79: 정가 22,000원 기준
J80: 매출합계 | K80: =I8+I28+I49+H15+I35+I42+I62+I69+I75+I56 -> 4704260 | L80: 할인/프로모션 반영 판매계
J81: 공제합계 | K81: =H8+J22+J49+J15+J28+J35+J42+J62+J69+J75+J56 -> 1062325 | L81: 공제 수수료 계
J82: 정산합계 | K82: =K8+K15+K49+K22+K28+K35+K42+K62+K69+K75+K56 -> 3641935 | L82: 실 정산합계

Sheet DB)입출고목록
C1: 출고건수 (송장기준/건) | F1: 품목 | H1: 입고합 | I1: 출고합
C2: 181 | F2: 도톤 포레스트 워터리스 풋클리너 100ml | H2: 0 | I2: 10
F3: 도톤 포레스트 아웃도어 스프레이 150ml | H3: 199 | I3: 277
H4: =SUBTOTAL(9,H2:H3) -> 199 | I4: =SUBTOTAL(9,I2:I3) -> 287
A7: 출고카운트 | B7: 입출고일자 | C7: 입력일자 | D7: 공급처명 | E7: 바코드번호 | F7: 상품명 | G7: 옵션내용 | H7: 원가 | I7: 입고수량 | J7: 입고금액 | K7: 출고수량 | L7: 출고금액 | M7: 재고작업구분 | N7: 판매처명 | O7: 판매단가 | P7: 판매금액 | Q7: 판매구분 | R7: 내용 | S7: 판매처 주문번호 | T7: 판매상세 (판매 수수료율)
A8: 1 | B8: 46142 | C8: 2026-04-30 오전 9:25:44 | D8: 도톤 | E8: 8809879544101 | F8: 도톤 포레스트 아웃도어 스프레이 150ml | G8: 단일상품 | H8: 0 | I8: 0 | J8: 0 | K8: 2 | L8: 0 | M8: 발송및출고 | N8: 카페24_베럴즈 | O8: 22000 | P8: 44000 | Q8: {=IFERROR(INDEX('DB)입출고매칭용'!$P$2:$P$181,MATCH(1,($C8='DB)입출고매칭용'!$H$2:$H$181)*($B8='DB)입출고매칭용'!$B$2:$B$181)*($K8='DB)입출고매칭용'!$J$2:$J$181),0)),"")} | R8: {=IFERROR(INDEX('DB)입출고매칭용'!$Q$2:$Q$181,MATCH(1,($C8='DB)입출고매칭용'!$H$2:$H$181)*($B8='DB)입출고매칭용'!$B$2:$B$181)*($K8='DB)입출고매칭용'!$J$2:$J$181),0)),"")} | S8: {=IFERROR(INDEX('DB)입출고매칭용'!$R$2:$R$181,MATCH(1,($C8='DB)입출고매칭용'!$H$2:$H$181)*($B8='DB)입출고매칭용'!$B$2:$B$181)*($K8='DB)입출고매칭용'!$J$2:$J$181),0)),"")}
A9: 2 | B9: 46142 | C9: 2026-04-30 오후 4:44:49 | D9: 도톤 | E9: 8809879544101 | F9: 도톤 포레스트 아웃도어 스프레이 150ml | G9: 단일상품 | H9: 0 | I9: 0 | J9: 0 | K9: 1 | L9: 0 | M9: 발송및출고 | N9: 스마트 스토어 (BETTERS) | O9: 22000 | P9: 22000 | Q9: {=IFERROR(INDEX('DB)입출고매칭용'!$P$2:$P$181,MATCH(1,($C9='DB)입출고매칭용'!$H$2:$H$181)*($B9='DB)입출고매칭용'!$B$2:$B$181)*($K9='DB)입출고매칭용'!$J$2:$J$181),0)),"")} -> 판매청구 | R9: {=IFERROR(INDEX('DB)입출고매칭용'!$Q$2:$Q$181,MATCH(1,($C9='DB)입출고매칭용'!$H$2:$H$181)*($B9='DB)입출고매칭용'!$B$2:$B$181)*($K9='DB)입출고매칭용'!$J$2:$J$181),0)),"")} -> 정상판매 | S9: {=IFERROR(INDEX('DB)입출고매칭용'!$R$2:$R$181,MATCH(1,($C9='DB)입출고매칭용'!$H$2:$H$181)*($B9='DB)입출고매칭용'!$B$2:$B$181)*($K9='DB)입출고매칭용'!$J$2:$J$181),0)),"")} -> 2026043032327861
A10: 3 | B10: 46141 | C10: 2026-04-29 오전 9:55:02 | D10: 도톤 | E10: 8809879544101 | F10: 도톤 포레스트 아웃도어 스프레이 150ml | G10: 단일상품 | H10: 0 | I10: 0 | J10: 0 | K10: 1 | L10: 0 | M10: 발송및출고 | N10: 카페24_베럴즈 | O10: 22000 | P10: 22000 | Q10: {=IFERROR(INDEX('DB)입출고매칭용'!$P$2:$P$181,MATCH(1,($C10='DB)입출고매칭용'!$H$2:$H$181)*($B10='DB)입출고매칭용'!$B$2:$B$181)*($K10='DB)입출고매칭용'!$J$2:$J$181),0)),"")} -> 판매청구 | R10: {=IFERROR(INDEX('DB)입출고매칭용'!$Q$2:$Q$181,MATCH(1,($C10='DB)입출고매칭용'!$H$2:$H$181)*($B10='DB)입출고매칭용'!$B$2:$B$181)*($K10='DB)입출고매칭용'!$J$2:$J$181),0)),"")} -> 정상판매 (공구) | S10: {=IFERROR(INDEX('DB)입출고매칭용'!$R$2:$R$181,MATCH(1,($C10='DB)입출고매칭용'!$H$2:$H$181)*($B10='DB)입출고매칭용'!$B$2:$B$181)*($K10='DB)입출고매칭용'!$J$2:$J$181),0)),"")} -> 20260428-0000100
A11: 4 | B11: 46141 | C11: 2026-04-29 오후 4:07:28 | D11: 도톤 | E11: 8809879544101 | F11: 도톤 포레스트 아웃도어 스프레이 150ml | G11: 단일상품 | H11: 0 | I11: 0 | J11: 0 | K11: 1 | L11: 0 | M11: 발송및출고 | N11: 스마트 스토어 (BETTERS) | O11: 22000 | P11: 22000 | Q11: {=IFERROR(INDEX('DB)입출고매칭용'!$P$2:$P$181,MATCH(1,($C11='DB)입출고매칭용'!$H$2:$H$181)*($B11='DB)입출고매칭용'!$B$2:$B$181)*($K11='DB)입출고매칭용'!$J$2:$J$181),0)),"")} -> 판매청구 | R11: {=IFERROR(INDEX('DB)입출고매칭용'!$Q$2:$Q$181,MATCH(1,($C11='DB)입출고매칭용'!$H$2:$H$181)*($B11='DB)입출고매칭용'!$B$2:$B$181)*($K11='DB)입출고매칭용'!$J$2:$J$181),0)),"")} -> 정상판매 | S11: {=IFERROR(INDEX('DB)입출고매칭용'!$R$2:$R$181,MATCH(1,($C11='DB)입출고매칭용'!$H$2:$H$181)*($B11='DB)입출고매칭용'!$B$2:$B$181)*($K11='DB)입출고매칭용'!$J$2:$J$181),0)),"")} -> 2026042891931141
A12: 5 | B12: 46141 | C12: 2026-04-29 오후 4:07:30 | D12: 도톤 | E12: 8809879544101 | F12: 도톤 포레스트 아웃도어 스프레이 150ml | G12: 단일상품 | H12: 0 | I12: 0 | J12: 0 | K12: 1 | L12: 0 | M12: 발송및출고 | N12: 카페24_베럴즈 | O12: 22000 | P12: 22000 | Q12: {=IFERROR(INDEX('DB)입출고매칭용'!$P$2:$P$181,MATCH(1,($C12='DB)입출고매칭용'!$H$2:$H$181)*($B12='DB)입출고매칭용'!$B$2:$B$181)*($K12='DB)입출고매칭용'!$J$2:$J$181),0)),"")} -> 판매청구 | R12: {=IFERROR(INDEX('DB)입출고매칭용'!$Q$2:$Q$181,MATCH(1,($C12='DB)입출고매칭용'!$H$2:$H$181)*($B12='DB)입출고매칭용'!$B$2:$B$181)*($K12='DB)입출고매칭용'!$J$2:$J$181),0)),"")} -> 정상판매 (공구) | S12: {=IFERROR(INDEX('DB)입출고매칭용'!$R$2:$R$181,MATCH(1,($C12='DB)입출고매칭용'!$H$2:$H$181)*($B12='DB)입출고매칭용'!$B$2:$B$181)*($K12='DB)입출고매칭용'!$J$2:$J$181),0)),"")} -> 20260429-0000099
A13: 6 | B13: 46141 | C13: 2026-04-29 오후 4:07:33 | D13: 도톤 | E13: 8809879544101 | F13: 도톤 포레스트 아웃도어 스프레이 150ml | G13: 단일상품 | H13: 0 | I13: 0 | J13: 0 | K13: 1 | L13: 0 | M13: 발송및출고 | N13: 카페24_베럴즈 | O13: 22000 | P13: 22000 | Q13: {=IFERROR(INDEX('DB)입출고매칭용'!$P$2:$P$181,MATCH(1,($C13='DB)입출고매칭용'!$H$2:$H$181)*($B13='DB)입출고매칭용'!$B$2:$B$181)*($K13='DB)입출고매칭용'!$J$2:$J$181),0)),"")} -> 판매청구 | R13: {=IFERROR(INDEX('DB)입출고매칭용'!$Q$2:$Q$181,MATCH(1,($C13='DB)입출고매칭용'!$H$2:$H$181)*($B13='DB)입출고매칭용'!$B$2:$B$181)*($K13='DB)입출고매칭용'!$J$2:$J$181),0)),"")} -> 정상판매 (공구) | S13: {=IFERROR(INDEX('DB)입출고매칭용'!$R$2:$R$181,MATCH(1,($C13='DB)입출고매칭용'!$H$2:$H$181)*($B13='DB)입출고매칭용'!$B$2:$B$181)*($K13='DB)입출고매칭용'!$J$2:$J$181),0)),"")} -> 20260429-0000122
B14: 46140 | C14: 2026-04-27 오후 6:44:50 | D14: 도톤 | E14: 8809879544101 | F14: 도톤 포레스트 아웃도어 스프레이 150ml | G14: 단일상품 | H14: 0 | I14: 198 | J14: 0 | K14: 0 | L14: 0 | M14: 입고 | O14: 22000 | P14: 0 | Q14: {=IFERROR(INDEX('DB)입출고매칭용'!$P$2:$P$181,MATCH(1,($C14='DB)입출고매칭용'!$H$2:$H$181)*($B14='DB)입출고매칭용'!$B$2:$B$181)*($K14='DB)입출고매칭용'!$J$2:$J$181),0)),"")} | R14: {=IFERROR(INDEX('DB)입출고매칭용'!$Q$2:$Q$181,MATCH(1,($C14='DB)입출고매칭용'!$H$2:$H$181)*($B14='DB)입출고매칭용'!$B$2:$B$181)*($K14='DB)입출고매칭용'!$J$2:$J$181),0)),"")} | S14: {=IFERROR(INDEX('DB)입출고매칭용'!$R$2:$R$181,MATCH(1,($C14='DB)입출고매칭용'!$H$2:$H$181)*($B14='DB)입출고매칭용'!$B$2:$B$181)*($K14='DB)입출고매칭용'!$J$2:$J$181),0)),"")}
A15: 7 | B15: 46139 | C15: 2026-04-27 오전 9:10:56 | D15: 도톤 | E15: 8809879544118 | F15: 도톤 포레스트 워터리스 풋클리너 100ml | G15: 단일상품 | H15: 0 | I15: 0 | J15: 0 | K15: 1 | L15: 0 | M15: 발송및출고 | N15: 카페24_베럴즈 | O15: 22000 | P15: 22000 | Q15: {=IFERROR(INDEX('DB)입출고매칭용'!$P$2:$P$181,MATCH(1,($C15='DB)입출고매칭용'!$H$2:$H$181)*($B15='DB)입출고매칭용'!$B$2:$B$181)*($K15='DB)입출고매칭용'!$J$2:$J$181),0)),"")} -> 판매청구 | R15: {=IFERROR(INDEX('DB)입출고매칭용'!$Q$2:$Q$181,MATCH(1,($C15='DB)입출고매칭용'!$H$2:$H$181)*($B15='DB)입출고매칭용'!$B$2:$B$181)*($K15='DB)입출고매칭용'!$J$2:$J$181),0)),"")} -> 정상판매 | S15: {=IFERROR(INDEX('DB)입출고매칭용'!$R$2:$R$181,MATCH(1,($C15='DB)입출고매칭용'!$H$2:$H$181)*($B15='DB)입출고매칭용'!$B$2:$B$181)*($K15='DB)입출고매칭용'!$J$2:$J$181),0)),"")} -> 20260425-0000045
A16: 8 | B16: 46139 | C16: 2026-04-27 오전 9:11:28 | D16: 도톤 | E16: 8809879544101 | F16: 도톤 포레스트 아웃도어 스프레이 150ml | G16: 단일상품 | H16: 0 | I16: 0 | J16: 0 | K16: 1 | L16: 0 | M16: 발송및출고 | N16: 카페24_베럴즈 | O16: 22000 | P16: 22000 | Q16: {=IFERROR(INDEX('DB)입출고매칭용'!$P$2:$P$181,MATCH(1,($C16='DB)입출고매칭용'!$H$2:$H$181)*($B16='DB)입출고매칭용'!$B$2:$B$181)*($K16='DB)입출고매칭용'!$J$2:$J$181),0)),"")} | R16: {=IFERROR(INDEX('DB)입출고매칭용'!$Q$2:$Q$181,MATCH(1,($C16='DB)입출고매칭용'!$H$2:$H$181)*($B16='DB)입출고매칭용'!$B$2:$B$181)*($K16='DB)입출고매칭용'!$J$2:$J$181),0)),"")} | S16: {=IFERROR(INDEX('DB)입출고매칭용'!$R$2:$R$181,MATCH(1,($C16='DB)입출고매칭용'!$H$2:$H$181)*($B16='DB)입출고매칭용'!$B$2:$B$181)*($K16='DB)입출고매칭용'!$J$2:$J$181),0)),"")}
A17: 9 | B17: 46139 | C17: 2026-04-27 오전 9:12:35 | D17: 도톤 | E17: 8809879544101 | F17: 도톤 포레스트 아웃도어 스프레이 150ml | G17: 단일상품 | H17: 0 | I17: 0 | J17: 0 | K17: 1 | L17: 0 | M17: 발송및출고 | N17: 카페24_베럴즈 | O17: 22000 | P17: 22000 | Q17: {=IFERROR(INDEX('DB)입출고매칭용'!$P$2:$P$181,MATCH(1,($C17='DB)입출고매칭용'!$H$2:$H$181)*($B17='DB)입출고매칭용'!$B$2:$B$181)*($K17='DB)입출고매칭용'!$J$2:$J$181),0)),"")} -> 판매청구 | R17: {=IFERROR(INDEX('DB)입출고매칭용'!$Q$2:$Q$181,MATCH(1,($C17='DB)입출고매칭용'!$H$2:$H$181)*($B17='DB)입출고매칭용'!$B$2:$B$181)*($K17='DB)입출고매칭용'!$J$2:$J$181),0)),"")} -> 정상판매 (공구) | S17: {=IFERROR(INDEX('DB)입출고매칭용'!$R$2:$R$181,MATCH(1,($C17='DB)입출고매칭용'!$H$2:$H$181)*($B17='DB)입출고매칭용'!$B$2:$B$181)*($K17='DB)입출고매칭용'!$J$2:$J$181),0)),"")} -> 20260426-0000115
A18: 10 | B18: 46139 | C18: 2026-04-27 오전 9:12:37 | D18: 도톤 | E18: 8809879544101 | F18: 도톤 포레스트 아웃도어 스프레이 150ml | G18: 단일상품 | H18: 0 | I18: 0 | J18: 0 | K18: 1 | L18: 0 | M18: 발송및출고 | N18: 카페24_베럴즈 | O18: 22000 | P18: 22000 | Q18: {=IFERROR(INDEX('DB)입출고매칭용'!$P$2:$P$181,MATCH(1,($C18='DB)입출고매칭용'!$H$2:$H$181)*($B18='DB)입출고매칭용'!$B$2:$B$181)*($K18='DB)입출고매칭용'!$J$2:$J$181),0)),"")} -> 판매청구 | R18: {=IFERROR(INDEX('DB)입출고매칭용'!$Q$2:$Q$181,MATCH(1,($C18='DB)입출고매칭용'!$H$2:$H$181)*($B18='DB)입출고매칭용'!$B$2:$B$181)*($K18='DB)입출고매칭용'!$J$2:$J$181),0)),"")} -> 정상판매 (공구) | S18: {=IFERROR(INDEX('DB)입출고매칭용'!$R$2:$R$181,MATCH(1,($C18='DB)입출고매칭용'!$H$2:$H$181)*($B18='DB)입출고매칭용'!$B$2:$B$181)*($K18='DB)입출고매칭용'!$J$2:$J$181),0)),"")} -> 20260426-0000091
A19: 11 | B19: 46139 | C19: 2026-04-27 오전 9:12:40 | D19: 도톤 | E19: 8809879544101 | F19: 도톤 포레스트 아웃도어 스프레이 150ml | G19: 단일상품 | H19: 0 | I19: 0 | J19: 0 | K19: 1 | L19: 0 | M19: 발송및출고 | N19: 카페24_베럴즈 | O19: 22000 | P19: 22000 | Q19: {=IFERROR(INDEX('DB)입출고매칭용'!$P$2:$P$181,MATCH(1,($C19='DB)입출고매칭용'!$H$2:$H$181)*($B19='DB)입출고매칭용'!$B$2:$B$181)*($K19='DB)입출고매칭용'!$J$2:$J$181),0)),"")} -> 판매청구 | R19: {=IFERROR(INDEX('DB)입출고매칭용'!$Q$2:$Q$181,MATCH(1,($C19='DB)입출고매칭용'!$H$2:$H$181)*($B19='DB)입출고매칭용'!$B$2:$B$181)*($K19='DB)입출고매칭용'!$J$2:$J$181),0)),"")} -> 정상판매 | S19: {=IFERROR(INDEX('DB)입출고매칭용'!$R$2:$R$181,MATCH(1,($C19='DB)입출고매칭용'!$H$2:$H$181)*($B19='DB)입출고매칭용'!$B$2:$B$181)*($K19='DB)입출고매칭용'!$J$2:$J$181),0)),"")} -> 20260425-0000031
A20: 12 | B20: 46139 | C20: 2026-04-27 오전 9:12:45 | D20: 도톤 | E20: 8809879544101 | F20: 도톤 포레스트 아웃도어 스프레이 150ml | G20: 단일상품 | H20: 0 | I20: 0 | J20: 0 | K20: 1 | L20: 0 | M20: 발송및출고 | N20: 카페24_베럴즈 | O20: 22000 | P20: 22000 | Q20: {=IFERROR(INDEX('DB)입출고매칭용'!$P$2:$P$181,MATCH(1,($C20='DB)입출고매칭용'!$H$2:$H$181)*($B20='DB)입출고매칭용'!$B$2:$B$181)*($K20='DB)입출고매칭용'!$J$2:$J$181),0)),"")} -> 판매청구 | R20: {=IFERROR(INDEX('DB)입출고매칭용'!$Q$2:$Q$181,MATCH(1,($C20='DB)입출고매칭용'!$H$2:$H$181)*($B20='DB)입출고매칭용'!$B$2:$B$181)*($K20='DB)입출고매칭용'!$J$2:$J$181),0)),"")} -> 정상판매 | S20: {=IFERROR(INDEX('DB)입출고매칭용'!$R$2:$R$181,MATCH(1,($C20='DB)입출고매칭용'!$H$2:$H$181)*($B20='DB)입출고매칭용'!$B$2:$B$181)*($K20='DB)입출고매칭용'!$J$2:$J$181),0)),"")} -> 20260425-0000019
A21: 13 | B21: 46139 | C21: 2026-04-27 오전 9:12:51 | D21: 도톤 | E21: 8809879544101 | F21: 도톤 포레스트 아웃도어 스프레이 150ml | G21: 단일상품 | H21: 0 | I21: 0 | J21: 0 | K21: 2 | L21: 0 | M21: 발송및출고 | N21: 카페24_베럴즈 | O21: 22000 | P21: 44000 | Q21: {=IFERROR(INDEX('DB)입출고매칭용'!$P$2:$P$181,MATCH(1,($C21='DB)입출고매칭용'!$H$2:$H$181)*($B21='DB)입출고매칭용'!$B$2:$B$181)*($K21='DB)입출고매칭용'!$J$2:$J$181),0)),"")} | R21: {=IFERROR(INDEX('DB)입출고매칭용'!$Q$2:$Q$181,MATCH(1,($C21='DB)입출고매칭용'!$H$2:$H$181)*($B21='DB)입출고매칭용'!$B$2:$B$181)*($K21='DB)입출고매칭용'!$J$2:$J$181),0)),"")} | S21: {=IFERROR(INDEX('DB)입출고매칭용'!$R$2:$R$181,MATCH(1,($C21='DB)입출고매칭용'!$H$2:$H$181)*($B21='DB)입출고매칭용'!$B$2:$B$181)*($K21='DB)입출고매칭용'!$J$2:$J$181),0)),"")}
A22: 14 | B22: 46139 | C22: 2026-04-27 오전 9:12:55 | D22: 도톤 | E22: 8809879544101 | F22: 도톤 포레스트 아웃도어 스프레이 150ml | G22: 단일상품 | H22: 0 | I22: 0 | J22: 0 | K22: 2 | L22: 0 | M22: 발송및출고 | N22: 카페24_베럴즈 | O22: 22000 | P22: 44000 | Q22: {=IFERROR(INDEX('DB)입출고매칭용'!$P$2:$P$181,MATCH(1,($C22='DB)입출고매칭용'!$H$2:$H$181)*($B22='DB)입출고매칭용'!$B$2:$B$181)*($K22='DB)입출고매칭용'!$J$2:$J$181),0)),"")} | R22: {=IFERROR(INDEX('DB)입출고매칭용'!$Q$2:$Q$181,MATCH(1,($C22='DB)입출고매칭용'!$H$2:$H$181)*($B22='DB)입출고매칭용'!$B$2:$B$181)*($K22='DB)입출고매칭용'!$J$2:$J$181),0)),"")} | S22: {=IFERROR(INDEX('DB)입출고매칭용'!$R$2:$R$181,MATCH(1,($C22='DB)입출고매칭용'!$H$2:$H$181)*($B22='DB)입출고매칭용'!$B$2:$B$181)*($K22='DB)입출고매칭용'!$J$2:$J$181),0)),"")}
A23: 15 | B23: 46139 | C23: 2026-04-27 오전 9:12:59 | D23: 도톤 | E23: 8809879544101 | F23: 도톤 포레스트 아웃도어 스프레이 150ml | G23: 단일상품 | H23: 0 | I23: 0 | J23: 0 | K23: 2 | L23: 0 | M23: 발송및출고 | N23: 카페24_베럴즈 | O23: 22000 | P23: 44000 | Q23: {=IFERROR(INDEX('DB)입출고매칭용'!$P$2:$P$181,MATCH(1,($C23='DB)입출고매칭용'!$H$2:$H$181)*($B23='DB)입출고매칭용'!$B$2:$B$181)*($K23='DB)입출고매칭용'!$J$2:$J$181),0)),"")} | R23: {=IFERROR(INDEX('DB)입출고매칭용'!$Q$2:$Q$181,MATCH(1,($C23='DB)입출고매칭용'!$H$2:$H$181)*($B23='DB)입출고매칭용'!$B$2:$B$181)*($K23='DB)입출고매칭용'!$J$2:$J$181),0)),"")} | S23: {=IFERROR(INDEX('DB)입출고매칭용'!$R$2:$R$181,MATCH(1,($C23='DB)입출고매칭용'!$H$2:$H$181)*($B23='DB)입출고매칭용'!$B$2:$B$181)*($K23='DB)입출고매칭용'!$J$2:$J$181),0)),"")}
A24: 16 | B24: 46139 | C24: 2026-04-27 오전 9:13:03 | D24: 도톤 | E24: 8809879544101 | F24: 도톤 포레스트 아웃도어 스프레이 150ml | G24: 단일상품 | H24: 0 | I24: 0 | J24: 0 | K24: 2 | L24: 0 | M24: 발송및출고 | N24: 카페24_베럴즈 | O24: 22000 | P24: 44000 | Q24: {=IFERROR(INDEX('DB)입출고매칭용'!$P$2:$P$181,MATCH(1,($C24='DB)입출고매칭용'!$H$2:$H$181)*($B24='DB)입출고매칭용'!$B$2:$B$181)*($K24='DB)입출고매칭용'!$J$2:$J$181),0)),"")} | R24: {=IFERROR(INDEX('DB)입출고매칭용'!$Q$2:$Q$181,MATCH(1,($C24='DB)입출고매칭용'!$H$2:$H$181)*($B24='DB)입출고매칭용'!$B$2:$B$181)*($K24='DB)입출고매칭용'!$J$2:$J$181),0)),"")} | S24: {=IFERROR(INDEX('DB)입출고매칭용'!$R$2:$R$181,MATCH(1,($C24='DB)입출고매칭용'!$H$2:$H$181)*($B24='DB)입출고매칭용'!$B$2:$B$181)*($K24='DB)입출고매칭용'!$J$2:$J$181),0)),"")}
A25: 17 | B25: 46139 | C25: 2026-04-27 오전 9:13:06 | D25: 도톤 | E25: 8809879544101 | F25: 도톤 포레스트 아웃도어 스프레이 150ml | G25: 단일상품 | H25: 0 | I25: 0 | J25: 0 | K25: 2 | L25: 0 | M25: 발송및출고 | N25: 스마트 스토어 (BETTERS) | O25: 22000 | P25: 44000 | Q25: {=IFERROR(INDEX('DB)입출고매칭용'!$P$2:$P$181,MATCH(1,($C25='DB)입출고매칭용'!$H$2:$H$181)*($B25='DB)입출고매칭용'!$B$2:$B$181)*($K25='DB)입출고매칭용'!$J$2:$J$181),0)),"")} -> 판매청구 | R25: {=IFERROR(INDEX('DB)입출고매칭용'!$Q$2:$Q$181,MATCH(1,($C25='DB)입출고매칭용'!$H$2:$H$181)*($B25='DB)입출고매칭용'!$B$2:$B$181)*($K25='DB)입출고매칭용'!$J$2:$J$181),0)),"")} -> 정상판매 | S25: {=IFERROR(INDEX('DB)입출고매칭용'!$R$2:$R$181,MATCH(1,($C25='DB)입출고매칭용'!$H$2:$H$181)*($B25='DB)입출고매칭용'!$B$2:$B$181)*($K25='DB)입출고매칭용'!$J$2:$J$181),0)),"")} -> 2026042577184211
A26: 18 | B26: 46136 | C26: 2026-04-24 오후 2:38:14 | D26: 도톤 | E26: 8809879544118 | F26: 도톤 포레스트 워터리스 풋클리너 100ml | G26: 단일상품 | H26: 0 | I26: 0 | J26: 0 | K26: 1 | L26: 0 | M26: 발송및출고 | N26: 카페24_베럴즈_b2b | O26: 22000 | P26: 22000 | Q26: {=IFERROR(INDEX('DB)입출고매칭용'!$P$2:$P$181,MATCH(1,($C26='DB)입출고매칭용'!$H$2:$H$181)*($B26='DB)입출고매칭용'!$B$2:$B$181)*($K26='DB)입출고매칭용'!$J$2:$J$181),0)),"")} | R26: {=IFERROR(INDEX('DB)입출고매칭용'!$Q$2:$Q$181,MATCH(1,($C26='DB)입출고매칭용'!$H$2:$H$181)*($B26='DB)입출고매칭용'!$B$2:$B$181)*($K26='DB)입출고매칭용'!$J$2:$J$181),0)),"")} | S26: {=IFERROR(INDEX('DB)입출고매칭용'!$R$2:$R$181,MATCH(1,($C26='DB)입출고매칭용'!$H$2:$H$181)*($B26='DB)입출고매칭용'!$B$2:$B$181)*($K26='DB)입출고매칭용'!$J$2:$J$181),0)),"")}
... A172: 164 | B172: 46125 | C172: 2026-04-13 오전 11:00:03 | D172: 도톤 | E172: 8809879544101 | F172: 도톤 포레스트 아웃도어 스프레이 150ml | G172: 단일상품 | H172: 0 | I172: 0 | J172: 0 | K172: 3 | L172: 0 | M172: 발송및출고 | N172: 카페24_베럴즈 | O172: 22000 | P172: 66000 | Q172: {=IFERROR(INDEX('DB)입출고매칭용'!$P$2:$P$181,MATCH(1,($C172='DB)입출고매칭용'!$H$2:$H$181)*($B172='DB)입출고매칭용'!$B$2:$B$181)*($K172='DB)입출고매칭용'!$J$2:$J$181),0)),"")} | R172: {=IFERROR(INDEX('DB)입출고매칭용'!$Q$2:$Q$181,MATCH(1,($C172='DB)입출고매칭용'!$H$2:$H$181)*($B172='DB)입출고매칭용'!$B$2:$B$181)*($K172='DB)입출고매칭용'!$J$2:$J$181),0)),"")} | S172: {=IFERROR(INDEX('DB)입출고매칭용'!$R$2:$R$181,MATCH(1,($C172='DB)입출고매칭용'!$H$2:$H$181)*($B172='DB)입출고매칭용'!$B$2:$B$181)*($K172='DB)입출고매칭용'!$J$2:$J$181),0)),"")}
B173: 46125 | C173: 2026-04-13 오후 2:13:11 | D173: 도톤 | E173: 8809879544101 | F173: 도톤 포레스트 아웃도어 스프레이 150ml | G173: 단일상품 | H173: 0 | I173: 1 | J173: 0 | K173: 0 | L173: 0 | M173: 발송취소 | N173: 카페24_베럴즈 | O173: 22000 | P173: 0 | Q173: {=IFERROR(INDEX('DB)입출고매칭용'!$P$2:$P$181,MATCH(1,($C173='DB)입출고매칭용'!$H$2:$H$181)*($B173='DB)입출고매칭용'!$B$2:$B$181)*($K173='DB)입출고매칭용'!$J$2:$J$181),0)),"")} | R173: {=IFERROR(INDEX('DB)입출고매칭용'!$Q$2:$Q$181,MATCH(1,($C173='DB)입출고매칭용'!$H$2:$H$181)*($B173='DB)입출고매칭용'!$B$2:$B$181)*($K173='DB)입출고매칭용'!$J$2:$J$181),0)),"")} | S173: {=IFERROR(INDEX('DB)입출고매칭용'!$R$2:$R$181,MATCH(1,($C173='DB)입출고매칭용'!$H$2:$H$181)*($B173='DB)입출고매칭용'!$B$2:$B$181)*($K173='DB)입출고매칭용'!$J$2:$J$181),0)),"")}
A174: 165 | B174: 46125 | C174: 2026-04-13 오후 2:16:17 | D174: 도톤 | E174: 8809879544101 | F174: 도톤 포레스트 아웃도어 스프레이 150ml | G174: 단일상품 | H174: 0 | I174: 0 | J174: 0 | K174: 1 | L174: 0 | M174: 발송및출고 | N174: 카페24_베럴즈 | O174: 22000 | P174: 22000 | Q174: {=IFERROR(INDEX('DB)입출고매칭용'!$P$2:$P$181,MATCH(1,($C174='DB)입출고매칭용'!$H$2:$H$181)*($B174='DB)입출고매칭용'!$B$2:$B$181)*($K174='DB)입출고매칭용'!$J$2:$J$181),0)),"")} -> 판매청구 | R174: {=IFERROR(INDEX('DB)입출고매칭용'!$Q$2:$Q$181,MATCH(1,($C174='DB)입출고매칭용'!$H$2:$H$181)*($B174='DB)입출고매칭용'!$B$2:$B$181)*($K174='DB)입출고매칭용'!$J$2:$J$181),0)),"")} -> 정상판매 (공구) | S174: {=IFERROR(INDEX('DB)입출고매칭용'!$R$2:$R$181,MATCH(1,($C174='DB)입출고매칭용'!$H$2:$H$181)*($B174='DB)입출고매칭용'!$B$2:$B$181)*($K174='DB)입출고매칭용'!$J$2:$J$181),0)),"")} -> 20260413-0000052
A175: 166 | B175: 46125 | C175: 2026-04-13 오후 2:37:30 | D175: 도톤 | E175: 8809879544101 | F175: 도톤 포레스트 아웃도어 스프레이 150ml | G175: 단일상품 | H175: 0 | I175: 0 | J175: 0 | K175: 1 | L175: 0 | M175: 발송및출고 | N175: 카페24_베럴즈 | O175: 22000 | P175: 22000 | Q175: {=IFERROR(INDEX('DB)입출고매칭용'!$P$2:$P$181,MATCH(1,($C175='DB)입출고매칭용'!$H$2:$H$181)*($B175='DB)입출고매칭용'!$B$2:$B$181)*($K175='DB)입출고매칭용'!$J$2:$J$181),0)),"")} -> 판매청구 | R175: {=IFERROR(INDEX('DB)입출고매칭용'!$Q$2:$Q$181,MATCH(1,($C175='DB)입출고매칭용'!$H$2:$H$181)*($B175='DB)입출고매칭용'!$B$2:$B$181)*($K175='DB)입출고매칭용'!$J$2:$J$181),0)),"")} -> 정상판매 (공구) | S175: {=IFERROR(INDEX('DB)입출고매칭용'!$R$2:$R$181,MATCH(1,($C175='DB)입출고매칭용'!$H$2:$H$181)*($B175='DB)입출고매칭용'!$B$2:$B$181)*($K175='DB)입출고매칭용'!$J$2:$J$181),0)),"")} -> 20260413-0000308
A176: 167 | B176: 46125 | C176: 2026-04-13 오후 3:05:25 | D176: 도톤 | E176: 8809879544101 | F176: 도톤 포레스트 아웃도어 스프레이 150ml | G176: 단일상품 | H176: 0 | I176: 0 | J176: 0 | K176: 3 | L176: 0 | M176: 발송및출고 | N176: 카페24_베럴즈 | O176: 22000 | P176: 66000 | Q176: {=IFERROR(INDEX('DB)입출고매칭용'!$P$2:$P$181,MATCH(1,($C176='DB)입출고매칭용'!$H$2:$H$181)*($B176='DB)입출고매칭용'!$B$2:$B$181)*($K176='DB)입출고매칭용'!$J$2:$J$181),0)),"")} | R176: {=IFERROR(INDEX('DB)입출고매칭용'!$Q$2:$Q$181,MATCH(1,($C176='DB)입출고매칭용'!$H$2:$H$181)*($B176='DB)입출고매칭용'!$B$2:$B$181)*($K176='DB)입출고매칭용'!$J$2:$J$181),0)),"")} | S176: {=IFERROR(INDEX('DB)입출고매칭용'!$R$2:$R$181,MATCH(1,($C176='DB)입출고매칭용'!$H$2:$H$181)*($B176='DB)입출고매칭용'!$B$2:$B$181)*($K176='DB)입출고매칭용'!$J$2:$J$181),0)),"")}
A177: 168 | B177: 46125 | C177: 2026-04-13 오후 3:05:36 | D177: 도톤 | E177: 8809879544101 | F177: 도톤 포레스트 아웃도어 스프레이 150ml | G177: 단일상품 | H177: 0 | I177: 0 | J177: 0 | K177: 1 | L177: 0 | M177: 발송및출고 | N177: 카페24_베럴즈 | O177: 22000 | P177: 22000 | Q177: {=IFERROR(INDEX('DB)입출고매칭용'!$P$2:$P$181,MATCH(1,($C177='DB)입출고매칭용'!$H$2:$H$181)*($B177='DB)입출고매칭용'!$B$2:$B$181)*($K177='DB)입출고매칭용'!$J$2:$J$181),0)),"")} -> 판매청구 | R177: {=IFERROR(INDEX('DB)입출고매칭용'!$Q$2:$Q$181,MATCH(1,($C177='DB)입출고매칭용'!$H$2:$H$181)*($B177='DB)입출고매칭용'!$B$2:$B$181)*($K177='DB)입출고매칭용'!$J$2:$J$181),0)),"")} -> 정상판매 (공구) | S177: {=IFERROR(INDEX('DB)입출고매칭용'!$R$2:$R$181,MATCH(1,($C177='DB)입출고매칭용'!$H$2:$H$181)*($B177='DB)입출고매칭용'!$B$2:$B$181)*($K177='DB)입출고매칭용'!$J$2:$J$181),0)),"")} -> 20260413-0000205
A178: 169 | B178: 46125 | C178: 2026-04-13 오후 3:05:40 | D178: 도톤 | E178: 8809879544101 | F178: 도톤 포레스트 아웃도어 스프레이 150ml | G178: 단일상품 | H178: 0 | I178: 0 | J178: 0 | K178: 1 | L178: 0 | M178: 발송및출고 | N178: 카페24_베럴즈 | O178: 22000 | P178: 22000 | Q178: {=IFERROR(INDEX('DB)입출고매칭용'!$P$2:$P$181,MATCH(1,($C178='DB)입출고매칭용'!$H$2:$H$181)*($B178='DB)입출고매칭용'!$B$2:$B$181)*($K178='DB)입출고매칭용'!$J$2:$J$181),0)),"")} -> 판매청구 | R178: {=IFERROR(INDEX('DB)입출고매칭용'!$Q$2:$Q$181,MATCH(1,($C178='DB)입출고매칭용'!$H$2:$H$181)*($B178='DB)입출고매칭용'!$B$2:$B$181)*($K178='DB)입출고매칭용'!$J$2:$J$181),0)),"")} -> 정상판매 (공구) | S178: {=IFERROR(INDEX('DB)입출고매칭용'!$R$2:$R$181,MATCH(1,($C178='DB)입출고매칭용'!$H$2:$H$181)*($B178='DB)입출고매칭용'!$B$2:$B$181)*($K178='DB)입출고매칭용'!$J$2:$J$181),0)),"")} -> 20260413-0000191
A179: 170 | B179: 46125 | C179: 2026-04-13 오후 3:05:44 | D179: 도톤 | E179: 8809879544101 | F179: 도톤 포레스트 아웃도어 스프레이 150ml | G179: 단일상품 | H179: 0 | I179: 0 | J179: 0 | K179: 1 | L179: 0 | M179: 발송및출고 | N179: 카페24_베럴즈 | O179: 22000 | P179: 22000 | Q179: {=IFERROR(INDEX('DB)입출고매칭용'!$P$2:$P$181,MATCH(1,($C179='DB)입출고매칭용'!$H$2:$H$181)*($B179='DB)입출고매칭용'!$B$2:$B$181)*($K179='DB)입출고매칭용'!$J$2:$J$181),0)),"")} -> 판매청구 | R179: {=IFERROR(INDEX('DB)입출고매칭용'!$Q$2:$Q$181,MATCH(1,($C179='DB)입출고매칭용'!$H$2:$H$181)*($B179='DB)입출고매칭용'!$B$2:$B$181)*($K179='DB)입출고매칭용'!$J$2:$J$181),0)),"")} -> 정상판매 (공구) | S179: {=IFERROR(INDEX('DB)입출고매칭용'!$R$2:$R$181,MATCH(1,($C179='DB)입출고매칭용'!$H$2:$H$181)*($B179='DB)입출고매칭용'!$B$2:$B$181)*($K179='DB)입출고매칭용'!$J$2:$J$181),0)),"")} -> 20260413-0000161
A180: 171 | B180: 46125 | C180: 2026-04-13 오후 3:05:50 | D180: 도톤 | E180: 8809879544101 | F180: 도톤 포레스트 아웃도어 스프레이 150ml | G180: 단일상품 | H180: 0 | I180: 0 | J180: 0 | K180: 2 | L180: 0 | M180: 발송및출고 | N180: 카페24_베럴즈 | O180: 22000 | P180: 44000 | Q180: {=IFERROR(INDEX('DB)입출고매칭용'!$P$2:$P$181,MATCH(1,($C180='DB)입출고매칭용'!$H$2:$H$181)*($B180='DB)입출고매칭용'!$B$2:$B$181)*($K180='DB)입출고매칭용'!$J$2:$J$181),0)),"")} | R180: {=IFERROR(INDEX('DB)입출고매칭용'!$Q$2:$Q$181,MATCH(1,($C180='DB)입출고매칭용'!$H$2:$H$181)*($B180='DB)입출고매칭용'!$B$2:$B$181)*($K180='DB)입출고매칭용'!$J$2:$J$181),0)),"")} | S180: {=IFERROR(INDEX('DB)입출고매칭용'!$R$2:$R$181,MATCH(1,($C180='DB)입출고매칭용'!$H$2:$H$181)*($B180='DB)입출고매칭용'!$B$2:$B$181)*($K180='DB)입출고매칭용'!$J$2:$J$181),0)),"")}
A181: 172 | B181: 46125 | C181: 2026-04-13 오후 3:05:55 | D181: 도톤 | E181: 8809879544101 | F181: 도톤 포레스트 아웃도어 스프레이 150ml | G181: 단일상품 | H181: 0 | I181: 0 | J181: 0 | K181: 2 | L181: 0 | M181: 발송및출고 | N181: 카페24_베럴즈 | O181: 22000 | P181: 44000 | Q181: {=IFERROR(INDEX('DB)입출고매칭용'!$P$2:$P$181,MATCH(1,($C181='DB)입출고매칭용'!$H$2:$H$181)*($B181='DB)입출고매칭용'!$B$2:$B$181)*($K181='DB)입출고매칭용'!$J$2:$J$181),0)),"")} | R181: {=IFERROR(INDEX('DB)입출고매칭용'!$Q$2:$Q$181,MATCH(1,($C181='DB)입출고매칭용'!$H$2:$H$181)*($B181='DB)입출고매칭용'!$B$2:$B$181)*($K181='DB)입출고매칭용'!$J$2:$J$181),0)),"")} | S181: {=IFERROR(INDEX('DB)입출고매칭용'!$R$2:$R$181,MATCH(1,($C181='DB)입출고매칭용'!$H$2:$H$181)*($B181='DB)입출고매칭용'!$B$2:$B$181)*($K181='DB)입출고매칭용'!$J$2:$J$181),0)),"")}
A182: 173 | B182: 46125 | C182: 2026-04-13 오후 3:05:59 | D182: 도톤 | E182: 8809879544101 | F182: 도톤 포레스트 아웃도어 스프레이 150ml | G182: 단일상품 | H182: 0 | I182: 0 | J182: 0 | K182: 2 | L182: 0 | M182: 발송및출고 | N182: 카페24_베럴즈 | O182: 22000 | P182: 44000 | Q182: {=IFERROR(INDEX('DB)입출고매칭용'!$P$2:$P$181,MATCH(1,($C182='DB)입출고매칭용'!$H$2:$H$181)*($B182='DB)입출고매칭용'!$B$2:$B$181)*($K182='DB)입출고매칭용'!$J$2:$J$181),0)),"")} | R182: {=IFERROR(INDEX('DB)입출고매칭용'!$Q$2:$Q$181,MATCH(1,($C182='DB)입출고매칭용'!$H$2:$H$181)*($B182='DB)입출고매칭용'!$B$2:$B$181)*($K182='DB)입출고매칭용'!$J$2:$J$181),0)),"")} | S182: {=IFERROR(INDEX('DB)입출고매칭용'!$R$2:$R$181,MATCH(1,($C182='DB)입출고매칭용'!$H$2:$H$181)*($B182='DB)입출고매칭용'!$B$2:$B$181)*($K182='DB)입출고매칭용'!$J$2:$J$181),0)),"")}
A183: 174 | B183: 46121 | C183: 2026-04-09 오후 1:22:35 | D183: 도톤 | E183: 8809879544118 | F183: 도톤 포레스트 워터리스 풋클리너 100ml | G183: 단일상품 | H183: 0 | I183: 0 | J183: 0 | K183: 2 | L183: 0 | M183: 발송및출고 | N183: 카페24_베럴즈 | O183: 22000 | P183: 44000 | Q183: {=IFERROR(INDEX('DB)입출고매칭용'!$P$2:$P$181,MATCH(1,($C183='DB)입출고매칭용'!$H$2:$H$181)*($B183='DB)입출고매칭용'!$B$2:$B$181)*($K183='DB)입출고매칭용'!$J$2:$J$181),0)),"")} -> 판매청구 | R183: {=IFERROR(INDEX('DB)입출고매칭용'!$Q$2:$Q$181,MATCH(1,($C183='DB)입출고매칭용'!$H$2:$H$181)*($B183='DB)입출고매칭용'!$B$2:$B$181)*($K183='DB)입출고매칭용'!$J$2:$J$181),0)),"")} -> 정상판매 | S183: {=IFERROR(INDEX('DB)입출고매칭용'!$R$2:$R$181,MATCH(1,($C183='DB)입출고매칭용'!$H$2:$H$181)*($B183='DB)입출고매칭용'!$B$2:$B$181)*($K183='DB)입출고매칭용'!$J$2:$J$181),0)),"")} -> 20260408-0000379
A184: 175 | B184: 46121 | C184: 2026-04-09 오후 1:22:35 | D184: 도톤 | E184: 8809879544118 | F184: 도톤 포레스트 워터리스 풋클리너 100ml | G184: 단일상품 | H184: 0 | I184: 0 | J184: 0 | K184: 2 | L184: 0 | M184: 발송및출고 | N184: 카페24_베럴즈 | O184: 22000 | P184: 44000 | Q184: {=IFERROR(INDEX('DB)입출고매칭용'!$P$2:$P$181,MATCH(1,($C184='DB)입출고매칭용'!$H$2:$H$181)*($B184='DB)입출고매칭용'!$B$2:$B$181)*($K184='DB)입출고매칭용'!$J$2:$J$181),0)),"")} -> 판매청구 | R184: {=IFERROR(INDEX('DB)입출고매칭용'!$Q$2:$Q$181,MATCH(1,($C184='DB)입출고매칭용'!$H$2:$H$181)*($B184='DB)입출고매칭용'!$B$2:$B$181)*($K184='DB)입출고매칭용'!$J$2:$J$181),0)),"")} -> 정상판매 | S184: {=IFERROR(INDEX('DB)입출고매칭용'!$R$2:$R$181,MATCH(1,($C184='DB)입출고매칭용'!$H$2:$H$181)*($B184='DB)입출고매칭용'!$B$2:$B$181)*($K184='DB)입출고매칭용'!$J$2:$J$181),0)),"")} -> 20260408-0000379
A185: 176 | B185: 46120 | C185: 2026-04-08 오후 12:51:54 | D185: 도톤 | E185: 8809879544118 | F185: 도톤 포레스트 워터리스 풋클리너 100ml | G185: 단일상품 | H185: 0 | I185: 0 | J185: 0 | K185: 1 | L185: 0 | M185: 발송및출고 | N185: 카페24_베럴즈 | O185: 22000 | P185: 22000 | Q185: {=IFERROR(INDEX('DB)입출고매칭용'!$P$2:$P$181,MATCH(1,($C185='DB)입출고매칭용'!$H$2:$H$181)*($B185='DB)입출고매칭용'!$B$2:$B$181)*($K185='DB)입출고매칭용'!$J$2:$J$181),0)),"")} -> 판매청구 | R185: {=IFERROR(INDEX('DB)입출고매칭용'!$Q$2:$Q$181,MATCH(1,($C185='DB)입출고매칭용'!$H$2:$H$181)*($B185='DB)입출고매칭용'!$B$2:$B$181)*($K185='DB)입출고매칭용'!$J$2:$J$181),0)),"")} -> 0 | S185: {=IFERROR(INDEX('DB)입출고매칭용'!$R$2:$R$181,MATCH(1,($C185='DB)입출고매칭용'!$H$2:$H$181)*($B185='DB)입출고매칭용'!$B$2:$B$181)*($K185='DB)입출고매칭용'!$J$2:$J$181),0)),"")} -> 20260407-0000171
... A190: 181 | B190: 46113 | C190: 2026-04-01 오후 3:23:21 | D190: 도톤 | E190: 8809879544101 | F190: 도톤 포레스트 아웃도어 스프레이 150ml | G190: 단일상품 | H190: 0 | I190: 0 | J190: 0 | K190: 1 | L190: 0 | M190: 발송및출고 | N190: 카페24_베럴즈_b2b | O190: 22000 | P190: 22000 | Q190: {=IFERROR(INDEX('DB)입출고매칭용'!$P$2:$P$181,MATCH(1,($C190='DB)입출고매칭용'!$H$2:$H$181)*($B190='DB)입출고매칭용'!$B$2:$B$181)*($K190='DB)입출고매칭용'!$J$2:$J$181),0)),"")} -> 미청구 | R190: {=IFERROR(INDEX('DB)입출고매칭용'!$Q$2:$Q$181,MATCH(1,($C190='DB)입출고매칭용'!$H$2:$H$181)*($B190='DB)입출고매칭용'!$B$2:$B$181)*($K190='DB)입출고매칭용'!$J$2:$J$181),0)),"")} -> 위탁이동 - 몰리스하남 | S190: {=IFERROR(INDEX('DB)입출고매칭용'!$R$2:$R$181,MATCH(1,($C190='DB)입출고매칭용'!$H$2:$H$181)*($B190='DB)입출고매칭용'!$B$2:$B$181)*($K190='DB)입출고매칭용'!$J$2:$J$181),0)),"")} -> 20260401-0000042

Sheet DB)입출고매칭용
A1: 공급처명 | B1: 주문일자 | C1: 판매처상품코드 | D1: 판매처상품명 | E1: 판매처명 | F1: 송장번호 | G1: 주문상품출고일시 | H1: 발송일자 | I1: 상품옵션 | J1: 주문수량 | K1: 주문자 | L1: 수령자 | M1: 재고매칭(1)바코드번호 | N1: 재고매칭(1)상품명 | O1: 재고매칭(1)주문수량 | P1: 판매구분 | Q1: 내용 | R1: 판매처주문번호 | S1: 판매상세 (판매 수수료율)
A2: 도톤 | B2: 46142 | C2: P000BMBG | D2: [영이공구특가 이벤트 상품] 도톤 포레스트 아웃도어 해충방지 스프레이 150ml | E2: 카페24_베럴즈 | F2: 92234581143 | G2: 2026-04-30 오전 9:25:44 | H2: 2026-04-30 오전 9:25:44 | I2: 수량=공구 2개세트 (32%할인) | J2: 1 | K2: ="최*솔" -> 최*솔 | L2: ="최*솔" -> 최*솔 | M2: 8809879544101 | N2: 도톤 포레스트 아웃도어 스프레이 150ml | O2: 2 | P2: 판매청구 | Q2: 정상판매 (공구) | R2: ="20260429-0000187" -> 20260429-0000187
A3: 도톤 | B3: 46142 | C3: 12423379709 | D3: 도톤 포레스트 아웃도어 스프레이 150ml 강아지 해충방지 진드기 | E3: 스마트 스토어 (BETTERS) | F3: 92234617171 | G3: 2026-04-30 오후 4:44:49 | H3: 2026-04-30 오후 4:44:49 | J3: 1 | K3: ="장*은" -> 장*은 | L3: ="장*은" -> 장*은 | M3: 8809879544101 | N3: 도톤 포레스트 아웃도어 스프레이 150ml | O3: 1 | P3: 판매청구 | Q3: 정상판매 | R3: ="2026043032327861" -> 2026043032327861
A4: 도톤 | B4: 46141 | C4: P000BMBG | D4: [영이공구특가 이벤트 상품] 도톤 포레스트 아웃도어 해충방지 스프레이 150ml | E4: 카페24_베럴즈 | F4: 92234538362 | G4: 2026-04-29 오전 9:55:02 | H4: 2026-04-29 오전 9:55:02 | I4: 수량=공구특가 1개 (25%할인) | J4: 1 | K4: ="윤*은" -> 윤*은 | L4: ="윤*은" -> 윤*은 | M4: 8809879544101 | N4: 도톤 포레스트 아웃도어 스프레이 150ml | O4: 1 | P4: 판매청구 | Q4: 정상판매 (공구) | R4: ="20260428-0000100" -> 20260428-0000100
A5: 도톤 | B5: 46141 | C5: 12423379709 | D5: 도톤 포레스트 아웃도어 스프레이 150ml 강아지 해충방지 진드기 | E5: 스마트 스토어 (BETTERS) | F5: 92234560261 | G5: 2026-04-29 오후 4:07:28 | H5: 2026-04-29 오후 4:07:28 | J5: 1 | K5: ="정*주" -> 정*주 | L5: ="정*주" -> 정*주 | M5: 8809879544101 | N5: 도톤 포레스트 아웃도어 스프레이 150ml | O5: 1 | P5: 판매청구 | Q5: 정상판매 | R5: ="2026042891931141" -> 2026042891931141
A6: 도톤 | B6: 46141 | C6: P000BMBG | D6: [영이공구특가 이벤트 상품] 도톤 포레스트 아웃도어 해충방지 스프레이 150ml | E6: 카페24_베럴즈 | F6: 92234560250 | G6: 2026-04-29 오후 4:07:30 | H6: 2026-04-29 오후 4:07:30 | I6: 수량=공구특가 1개 (25%할인) | J6: 1 | K6: ="김*아" -> 김*아 | L6: ="김*아" -> 김*아 | M6: 8809879544101 | N6: 도톤 포레스트 아웃도어 스프레이 150ml | O6: 1 | P6: 판매청구 | Q6: 정상판매 (공구) | R6: ="20260429-0000099" -> 20260429-0000099
A7: 도톤 | B7: 46141 | C7: P000BMBG | D7: [영이공구특가 이벤트 상품] 도톤 포레스트 아웃도어 해충방지 스프레이 150ml | E7: 카페24_베럴즈 | F7: 92234560246 | G7: 2026-04-29 오후 4:07:33 | H7: 2026-04-29 오후 4:07:33 | I7: 수량=공구특가 1개 (25%할인) | J7: 1 | K7: ="정*진" -> 정*진 | L7: ="정*진" -> 정*진 | M7: 8809879544101 | N7: 도톤 포레스트 아웃도어 스프레이 150ml | O7: 1 | P7: 판매청구 | Q7: 정상판매 (공구) | R7: ="20260429-0000122" -> 20260429-0000122
A8: 도톤 | B8: 46139 | C8: P000BLYX | D8: 도톤 포레스트 워터리스 풋클리너 강아지 발세정제 100ml | E8: 카페24_베럴즈 | F8: 92234417343 | G8: 2026-04-27 오전 9:10:56 | H8: 2026-04-27 오전 9:10:56 | J8: 1 | K8: ="김*명" -> 김*명 | L8: ="김*명" -> 김*명 | M8: 8809879544118 | N8: 도톤 포레스트 워터리스 풋클리너 100ml | O8: 1 | P8: 판매청구 | Q8: 정상판매 | R8: ="20260425-0000045" -> 20260425-0000045
A9: 도톤 | B9: 46139 | C9: P000BMBG | D9: [영이공구특가 이벤트 상품] 도톤 포레스트 아웃도어 해충방지 스프레이 150ml | E9: 카페24_베럴즈 | F9: 92234417332 | G9: 2026-04-27 오전 9:13:03 | H9: 2026-04-27 오전 9:13:03 | I9: 수량=공구 2개세트 (32%할인) | J9: 1 | K9: ="김*지" -> 김*지 | L9: ="김*지" -> 김*지 | M9: 8809879544101 | N9: 도톤 포레스트 아웃도어 스프레이 150ml | O9: 2 | P9: 판매청구 | Q9: 정상판매 (공구) | R9: ="20260426-0000011" -> 20260426-0000011
A10: 도톤 | B10: 46139 | C10: P000BMBG | D10: [영이공구특가 이벤트 상품] 도톤 포레스트 아웃도어 해충방지 스프레이 150ml | E10: 카페24_베럴즈 | F10: 92234417306 | G10: 2026-04-27 오전 9:12:59 | H10: 2026-04-27 오전 9:12:59 | I10: 수량=공구 2개세트 (32%할인) | J10: 1 | K10: ="이*정" -> 이*정 | L10: ="이*정" -> 이*정 | M10: 8809879544101 | N10: 도톤 포레스트 아웃도어 스프레이 150ml | O10: 2 | P10: 판매청구 | Q10: 정상판매 (공구) | R10: ="20260426-0000062" -> 20260426-0000062
A11: 도톤 | B11: 46139 | C11: P000BMBG | D11: [영이공구특가 이벤트 상품] 도톤 포레스트 아웃도어 해충방지 스프레이 150ml | E11: 카페24_베럴즈 | F11: 92234417251 | G11: 2026-04-27 오전 9:12:55 | H11: 2026-04-27 오전 9:12:55 | I11: 수량=공구 2개세트 (32%할인) | J11: 1 | K11: ="이*은" -> 이*은 | L11: ="이*은" -> 이*은 | M11: 8809879544101 | N11: 도톤 포레스트 아웃도어 스프레이 150ml | O11: 2 | P11: 판매청구 | Q11: 정상판매 (공구) | R11: ="20260426-0000221" -> 20260426-0000221
A12: 도톤 | B12: 46139 | C12: P000BMBG | D12: [영이공구특가 이벤트 상품] 도톤 포레스트 아웃도어 해충방지 스프레이 150ml | E12: 카페24_베럴즈 | F12: 92234417214 | G12: 2026-04-27 오전 9:12:51 | H12: 2026-04-27 오전 9:12:51 | I12: 수량=공구 2개세트 (32%할인) | J12: 1 | K12: ="김*경" -> 김*경 | L12: ="박*수" -> 박*수 | M12: 8809879544101 | N12: 도톤 포레스트 아웃도어 스프레이 150ml | O12: 2 | P12: 판매청구 | Q12: 정상판매 (공구) | R12: ="20260427-0000031" -> 20260427-0000031
A13: 도톤 | B13: 46139 | C13: P000BMBG | D13: [영이공구특가 이벤트 상품] 도톤 포레스트 아웃도어 해충방지 스프레이 150ml | E13: 카페24_베럴즈 | F13: 92234417203 | G13: 2026-04-27 오전 9:11:28 | H13: 2026-04-27 오전 9:11:29 | I13: 수량=공구특가 1개 (25%할인) | J13: 1 | K13: ="김*연" -> 김*연 | L13: ="김*연" -> 김*연 | M13: 8809879544101 | N13: 도톤 포레스트 아웃도어 스프레이 150ml | O13: 1 | P13: 판매청구 | Q13: 정상판매 (공구) | R13: ="20260427-0000052" -> 20260427-0000052
A14: 도톤 | B14: 46139 | C14: 12423379709 | D14: 도톤 포레스트 아웃도어 스프레이 150ml 강아지 해충방지 진드기 | E14: 스마트 스토어 (BETTERS) | F14: 92234417634 | G14: 2026-04-27 오전 9:13:06 | H14: 2026-04-27 오전 9:13:06 | J14: 2 | K14: ="김*주" -> 김*주 | L14: ="김*주" -> 김*주 | M14: 8809879544101 | N14: 도톤 포레스트 아웃도어 스프레이 150ml | O14: 2 | P14: 판매청구 | Q14: 정상판매 | R14: ="2026042577184211" -> 2026042577184211
A15: 도톤 | B15: 46139 | C15: P000BLYY | D15: 도톤 포레스트 아웃도어 스프레이 150ml 강아지 해충방지 진드기 | E15: 카페24_베럴즈 | F15: 92234417660 | G15: 2026-04-27 오전 9:12:45 | H15: 2026-04-27 오전 9:12:45 | J15: 1 | K15: ="*" -> * | L15: ="*" -> * | M15: 8809879544101 | N15: 도톤 포레스트 아웃도어 스프레이 150ml | O15: 1 | P15: 판매청구 | Q15: 정상판매 | R15: ="20260425-0000019" -> 20260425-0000019
A16: 도톤 | B16: 46139 | C16: P000BLYY | D16: 도톤 포레스트 아웃도어 스프레이 150ml 강아지 해충방지 진드기 | E16: 카페24_베럴즈 | F16: 92234417656 | G16: 2026-04-27 오전 9:12:40 | H16: 2026-04-27 오전 9:12:40 | J16: 1 | K16: ="양*아" -> 양*아 | L16: ="양*아" -> 양*아 | M16: 8809879544101 | N16: 도톤 포레스트 아웃도어 스프레이 150ml | O16: 1 | P16: 판매청구 | Q16: 정상판매 | R16: ="20260425-0000031" -> 20260425-0000031
A17: 도톤 | B17: 46139 | C17: P000BMBG | D17: [영이공구특가 이벤트 상품] 도톤 포레스트 아웃도어 해충방지 스프레이 150ml | E17: 카페24_베럴즈 | F17: 92234417586 | G17: 2026-04-27 오전 9:12:37 | H17: 2026-04-27 오전 9:12:37 | I17: 수량=공구특가 1개 (25%할인) | J17: 1 | K17: ="박*선" -> 박*선 | L17: ="박*선" -> 박*선 | M17: 8809879544101 | N17: 도톤 포레스트 아웃도어 스프레이 150ml | O17: 1 | P17: 판매청구 | Q17: 정상판매 (공구) | R17: ="20260426-0000091" -> 20260426-0000091
A18: 도톤 | B18: 46139 | C18: P000BMBG | D18: [영이공구특가 이벤트 상품] 도톤 포레스트 아웃도어 해충방지 스프레이 150ml | E18: 카페24_베럴즈 | F18: 92234417435 | G18: 2026-04-27 오전 9:12:35 | H18: 2026-04-27 오전 9:12:35 | I18: 수량=공구특가 1개 (25%할인) | J18: 1 | K18: ="한*연" -> 한*연 | L18: ="한*연" -> 한*연 | M18: 8809879544101 | N18: 도톤 포레스트 아웃도어 스프레이 150ml | O18: 1 | P18: 판매청구 | Q18: 정상판매 (공구) | R18: ="20260426-0000115" -> 20260426-0000115
A19: 도톤 | B19: 46136 | C19: P000BMBG | D19: [영이공구특가 이벤트 상품] 도톤 포레스트 아웃도어 해충방지 스프레이 150ml | E19: 카페24_베럴즈 | F19: 92234383113 | G19: 2026-04-24 오후 2:38:37 | H19: 2026-04-24 오후 2:38:37 | I19: 수량=공구 2개세트 (32%할인) | J19: 1 | K19: ="채*민" -> 채*민 | L19: ="채*민" -> 채*민 | M19: 8809879544101 | N19: 도톤 포레스트 아웃도어 스프레이 150ml | O19: 2 | P19: 판매청구 | Q19: 정상판매 (공구) | R19: ="20260424-0000051" -> 20260424-0000051
A20: 도톤 | B20: 46136 | C20: P000BMBG | D20: [영이공구특가 이벤트 상품] 도톤 포레스트 아웃도어 해충방지 스프레이 150ml | E20: 카페24_베럴즈 | F20: 92234383102 | G20: 2026-04-24 오후 2:38:40 | H20: 2026-04-24 오후 2:38:40 | I20: 수량=공구 2개세트 (32%할인) | J20: 1 | K20: ="오*아" -> 오*아 | L20: ="오*아" -> 오*아 | M20: 8809879544101 | N20: 도톤 포레스트 아웃도어 스프레이 150ml | O20: 2 | P20: 판매청구 | Q20: 정상판매 (공구) | R20: ="20260424-0000065" -> 20260424-0000065
A21: 도톤 | B21: 46136 | C21: P000BMBG | D21: [영이공구특가 이벤트 상품] 도톤 포레스트 아웃도어 해충방지 스프레이 150ml | E21: 카페24_베럴즈 | F21: 92234367061 | G21: 2026-04-24 오후 2:38:30 | H21: 2026-04-24 오후 2:38:30 | I21: 수량=공구 2개세트 (32%할인) | J21: 1 | K21: ="김*희" -> 김*희 | L21: ="김*희" -> 김*희 | M21: 8809879544101 | N21: 도톤 포레스트 아웃도어 스프레이 150ml | O21: 2 | P21: 판매청구 | Q21: 정상판매 (공구) | R21: ="20260423-0000261" -> 20260423-0000261
A22: 도톤 | B22: 46136 | C22: P000BLYY | D22: 도톤 포레스트 아웃도어 스프레이 150ml 강아지 해충방지 진드기 | E22: 카페24_베럴즈_b2b | F22: 92234367050 | G22: 2026-04-24 오후 2:38:14 | H22: 2026-04-24 오후 2:38:15 | J22: 1 | K22: ="도*(네****인)" -> 도*(네****인) | L22: ="이*기" -> 이*기 | M22: 8809879544101 | N22: 도톤 포레스트 아웃도어 스프레이 150ml | O22: 1 | P22: 미청구 | Q22: 네이버브랜드커넥트(시딩) | R22: ="20260424-0000043" -> 20260424-0000043
A23: 도톤 | B23: 46136 | C23: P000BLYX | D23: 도톤 포레스트 워터리스 풋클리너 강아지 발세정제 100ml | E23: 카페24_베럴즈_b2b | F23: 92234367050 | G23: 2026-04-24 오후 2:38:14 | H23: 2026-04-24 오후 2:38:15 | J23: 1 | K23: ="도*(네****인)" -> 도*(네****인) | L23: ="이*기" -> 이*기 | M23: 8809879544118 | N23: 도톤 포레스트 워터리스 풋클리너 100ml | O23: 1 | P23: 미청구 | Q23: 네이버브랜드커넥트(시딩) | R23: ="20260424-0000043" -> 20260424-0000043
A24: 도톤 | B24: 46135 | C24: P000BMBG | D24: [영이공구특가 이벤트 상품] 도톤 포레스트 아웃도어 해충방지 스프레이 150ml | E24: 카페24_베럴즈 | F24: 92234346783 | G24: 2026-04-23 오후 2:36:49 | H24: 2026-04-23 오후 2:36:49 | I24: 수량=공구 2개세트 (32%할인) | J24: 1 | K24: ="엄*리" -> 엄*리 | L24: ="엄*리" -> 엄*리 | M24: 8809879544101 | N24: 도톤 포레스트 아웃도어 스프레이 150ml | O24: 2 | P24: 판매청구 | Q24: 정상판매 (공구) | R24: ="20260423-0000201" -> 20260423-0000201
A25: 도톤 | B25: 46135 | C25: P000BMBG | D25: [영이공구특가 이벤트 상품] 도톤 포레스트 아웃도어 해충방지 스프레이 150ml | E25: 카페24_베럴즈 | F25: 92234346772 | G25: 2026-04-23 오후 2:36:46 | H25: 2026-04-23 오후 2:36:46 | I25: 수량=공구 2개세트 (32%할인) | J25: 1 | K25: ="김*연" -> 김*연 | L25: ="김*연" -> 김*연 | M25: 8809879544101 | N25: 도톤 포레스트 아웃도어 스프레이 150ml | O25: 2 | P25: 판매청구 | Q25: 정상판매 (공구) | R25: ="20260423-0000164" -> 20260423-0000164
A26: 도톤 | B26: 46135 | C26: P000BMBG | D26: [영이공구특가 이벤트 상품] 도톤 포레스트 아웃도어 해충방지 스프레이 150ml | E26: 카페24_베럴즈 | F26: 92234329515 | G26: 2026-04-23 오후 2:38:06 | H26: 2026-04-23 오후 2:38:06 | I26: 수량=공구 2개세트 (32%할인) | J26: 1 | K26: ="윤*영" -> 윤*영 | L26: ="윤*영" -> 윤*영 | M26: 8809879544101 | N26: 도톤 포레스트 아웃도어 스프레이 150ml | O26: 2 | P26: 판매청구 | Q26: 정상판매 (공구) | R26: ="20260422-0000144" -> 20260422-0000144
A27: 도톤 | B27: 46135 | C27: P000BMBG | D27: [영이공구특가 이벤트 상품] 도톤 포레스트 아웃도어 해충방지 스프레이 150ml | E27: 카페24_베럴즈 | F27: 92234346805 | G27: 2026-04-23 오후 2:36:26 | H27: 2026-04-23 오후 2:36:26 | I27: 수량=공구특가 1개 (25%할인) | J27: 1 | K27: ="박*혜" -> 박*혜 | L27: ="박*혜" -> 박*혜 | M27: 8809879544101 | N27: 도톤 포레스트 아웃도어 스프레이 150ml | O27: 1 | P27: 판매청구 | Q27: 정상판매 (공구) | R27: ="20260423-0000102" -> 20260423-0000102
A28: 도톤 | B28: 46135 | C28: P000BMBG | D28: [영이공구특가 이벤트 상품] 도톤 포레스트 아웃도어 해충방지 스프레이 150ml | E28: 카페24_베럴즈 | F28: 92234329541 | G28: 2026-04-23 오후 2:36:18 | H28: 2026-04-23 오후 2:36:18 | I28: 수량=공구특가 1개 (25%할인) | J28: 1 | K28: ="윤*정" -> 윤*정 | L28: ="윤*정" -> 윤*정 | M28: 8809879544101 | N28: 도톤 포레스트 아웃도어 스프레이 150ml | O28: 1 | P28: 판매청구 | Q28: 정상판매 (공구) | R28: ="20260423-0000014" -> 20260423-0000014
A29: 도톤 | B29: 46134 | C29: P000BMBG | D29: [영이공구특가 이벤트 상품] 도톤 포레스트 아웃도어 해충방지 스프레이 150ml | E29: 카페24_베럴즈 | F29: 92234309016 | G29: 2026-04-22 오후 2:42:52 | H29: 2026-04-22 오후 2:42:52 | I29: 수량=공구 2개세트 (32%할인) | J29: 1 | K29: ="함*민" -> 함*민 | L29: ="함*민" -> 함*민 | M29: 8809879544101 | N29: 도톤 포레스트 아웃도어 스프레이 150ml | O29: 2 | P29: 판매청구 | Q29: 정상판매 (공구) | R29: ="20260422-0000082" -> 20260422-0000082
A30: 도톤 | B30: 46134 | C30: P000BMBG | D30: [영이공구특가 이벤트 상품] 도톤 포레스트 아웃도어 해충방지 스프레이 150ml | E30: 카페24_베럴즈 | F30: 92234299404 | G30: 2026-04-22 오전 11:56:16 | H30: 2026-04-22 오전 11:56:16 | I30: 수량=공구 2개세트 (32%할인) | J30: 1 | K30: ="황*순" -> 황*순 | L30: ="황*순" -> 황*순 | M30: 8809879544101 | N30: 도톤 포레스트 아웃도어 스프레이 150ml | O30: 2 | P30: 판매청구 | Q30: 정상판매 (공구) | R30: ="20260421-0000231" -> 20260421-0000231
A31: 도톤 | B31: 46134 | C31: P000BMBG | D31: [영이공구특가 이벤트 상품] 도톤 포레스트 아웃도어 해충방지 스프레이 150ml | E31: 카페24_베럴즈 | F31: 92234299393 | G31: 2026-04-22 오전 11:56:20 | H31: 2026-04-22 오전 11:56:20 | I31: 수량=공구 3개세트 (36%할인) | J31: 1 | K31: ="홍*영" -> 홍*영 | L31: ="홍*영" -> 홍*영 | M31: 8809879544101 | N31: 도톤 포레스트 아웃도어 스프레이 150ml | O31: 3 | P31: 판매청구 | Q31: 정상판매 (공구) | R31: ="20260422-0000024" -> 20260422-0000024
A32: 도톤 | B32: 46134 | C32: P000BMBG | D32: [영이공구특가 이벤트 상품] 도톤 포레스트 아웃도어 해충방지 스프레이 150ml | E32: 카페24_베럴즈 | F32: 92234309042 | G32: 2026-04-22 오후 2:42:48 | H32: 2026-04-22 오후 2:42:48 | I32: 수량=공구특가 1개 (25%할인) | J32: 1 | K32: ="이*슬" -> 이*슬 | L32: ="이*슬" -> 이*슬 | M32: 8809879544101 | N32: 도톤 포레스트 아웃도어 스프레이 150ml | O32: 1 | P32: 판매청구 | Q32: 정상판매 (공구) | R32: ="20260422-0000092" -> 20260422-0000092
A33: 도톤 | B33: 46134 | C33: P000BMBG | D33: [영이공구특가 이벤트 상품] 도톤 포레스트 아웃도어 해충방지 스프레이 150ml | E33: 카페24_베럴즈 | F33: 92234299474 | G33: 2026-04-22 오전 11:56:13 | H33: 2026-04-22 오전 11:56:13 | I33: 수량=공구특가 1개 (25%할인) | J33: 1 | K33: ="임*주" -> 임*주 | L33: ="임*주" -> 임*주 | M33: 8809879544101 | N33: 도톤 포레스트 아웃도어 스프레이 150ml | O33: 1 | P33: 판매청구 | Q33: 정상판매 (공구) | R33: ="20260421-0000244" -> 20260421-0000244
A34: 도톤 | B34: 46134 | C34: P000BMBG | D34: [영이공구특가 이벤트 상품] 도톤 포레스트 아웃도어 해충방지 스프레이 150ml | E34: 카페24_베럴즈 | F34: 92234299441 | G34: 2026-04-22 오전 11:56:09 | H34: 2026-04-22 오전 11:56:09 | I34: 수량=공구특가 1개 (25%할인) | J34: 1 | K34: ="조*은" -> 조*은 | L34: ="조*은" -> 조*은 | M34: 8809879544101 | N34: 도톤 포레스트 아웃도어 스프레이 150ml | O34: 1 | P34: 판매청구 | Q34: 정상판매 (공구) | R34: ="20260422-0000037" -> 20260422-0000037
A35: 도톤 | B35: 46134 | C35: P000BMBG | D35: [영이공구특가 이벤트 상품] 도톤 포레스트 아웃도어 해충방지 스프레이 150ml | E35: 카페24_베럴즈 | F35: 92234299426 | G35: 2026-04-22 오전 11:56:06 | H35: 2026-04-22 오전 11:56:06 | I35: 수량=공구특가 1개 (25%할인) | J35: 1 | K35: ="윤*비" -> 윤*비 | L35: ="윤*비" -> 윤*비 | M35: 8809879544101 | N35: 도톤 포레스트 아웃도어 스프레이 150ml | O35: 1 | P35: 판매청구 | Q35: 정상판매 (공구) | R35: ="20260422-0000068" -> 20260422-0000068
A36: 도톤 | B36: 46133 | C36: P000BMBG | D36: [영이공구특가 이벤트 상품] 도톤 포레스트 아웃도어 해충방지 스프레이 150ml | E36: 카페24_베럴즈 | F36: 92234266095 | G36: 2026-04-21 오후 2:51:26 | H36: 2026-04-21 오후 2:51:26 | I36: 수량=공구 3개세트 (36%할인) | J36: 1 | K36: ="박*하" -> 박*하 | L36: ="박*하" -> 박*하 | M36: 8809879544101 | N36: 도톤 포레스트 아웃도어 스프레이 150ml | O36: 3 | P36: 판매청구 | Q36: 정상판매 (공구) | R36: ="20260421-0000082" -> 20260421-0000082
A37: 도톤 | B37: 46133 | C37: P000BMBG | D37: [영이공구특가 이벤트 상품] 도톤 포레스트 아웃도어 해충방지 스프레이 150ml | E37: 카페24_베럴즈 | F37: 92234266084 | G37: 2026-04-21 오후 2:51:22 | H37: 2026-04-21 오후 2:51:22 | I37: 수량=공구 2개세트 (32%할인) | J37: 1 | K37: ="장*아" -> 장*아 | L37: ="장*아" -> 장*아 | M37: 8809879544101 | N37: 도톤 포레스트 아웃도어 스프레이 150ml | O37: 2 | P37: 판매청구 | Q37: 정상판매 (공구) | R37: ="20260421-0000101" -> 20260421-0000101
A38: 도톤 | B38: 46133 | C38: P000BMBG | D38: [영이공구특가 이벤트 상품] 도톤 포레스트 아웃도어 해충방지 스프레이 150ml | E38: 카페24_베럴즈 | F38: 92234266073 | G38: 2026-04-21 오후 2:51:29 | H38: 2026-04-21 오후 2:51:29 | I38: 수량=공구 3개세트 (36%할인) | J38: 1 | K38: ="박*하" -> 박*하 | L38: ="박*하" -> 박*하 | M38: 8809879544101 | N38: 도톤 포레스트 아웃도어 스프레이 150ml | O38: 3 | P38: 판매청구 | Q38: 정상판매 (공구) | R38: ="20260421-0000121" -> 20260421-0000121
A39: 도톤 | B39: 46133 | C39: P000BMBG | D39: [영이공구특가 이벤트 상품] 도톤 포레스트 아웃도어 해충방지 스프레이 150ml | E39: 카페24_베럴즈 | F39: 92234266062 | G39: 2026-04-21 오후 2:51:18 | H39: 2026-04-21 오후 2:51:18 | I39: 수량=공구 2개세트 (32%할인) | J39: 1 | K39: ="이*윤" -> 이*윤 | L39: ="이*윤" -> 이*윤 | M39: 8809879544101 | N39: 도톤 포레스트 아웃도어 스프레이 150ml | O39: 2 | P39: 판매청구 | Q39: 정상판매 (공구) | R39: ="20260421-0000164" -> 20260421-0000164
A40: 도톤 | B40: 46133 | C40: P000BMBG | D40: [영이공구특가 이벤트 상품] 도톤 포레스트 아웃도어 해충방지 스프레이 150ml | E40: 카페24_베럴즈 | F40: 92234241293 | G40: 2026-04-21 오후 2:09:33 | H40: 2026-04-21 오후 2:09:33 | I40: 수량=공구 2개세트 (32%할인) | J40: 1 | K40: ="임*묵" -> 임*묵 | L40: ="최*순" -> 최*순 | M40: 8809879544101 | N40: 도톤 포레스트 아웃도어 스프레이 150ml | O40: 2 | P40: 판매청구 | Q40: 정상판매 (공구) | R40: ="20260421-0000069" -> 20260421-0000069
A41: 도톤 | B41: 46133 | C41: P000BMBG | D41: [영이공구특가 이벤트 상품] 도톤 포레스트 아웃도어 해충방지 스프레이 150ml | E41: 카페24_베럴즈 | F41: 92234266154 | G41: 2026-04-21 오후 2:51:14 | H41: 2026-04-21 오후 2:51:14 | I41: 수량=공구특가 1개 (25%할인) | J41: 1 | K41: ="김*조" -> 김*조 | L41: ="김*조" -> 김*조 | M41: 8809879544101 | N41: 도톤 포레스트 아웃도어 스프레이 150ml | O41: 1 | P41: 판매청구 | Q41: 정상판매 (공구) | R41: ="20260421-0000142" -> 20260421-0000142
A42: 도톤 | B42: 46133 | C42: P000BMBG | D42: [영이공구특가 이벤트 상품] 도톤 포레스트 아웃도어 해충방지 스프레이 150ml | E42: 카페24_베럴즈 | F42: 92234241396 | G42: 2026-04-21 오후 2:17:03 | H42: 2026-04-21 오후 2:17:03 | I42: 수량=공구특가 1개 (25%할인) | J42: 1 | K42: ="김*주" -> 김*주 | L42: ="김*주" -> 김*주 | M42: 8809879544101 | N42: 도톤 포레스트 아웃도어 스프레이 150ml | O42: 1 | P42: 판매청구 | Q42: 정상판매 (공구) | R42: ="20260420-0000258" -> 20260420-0000258
A43: 도톤 | B43: 46133 | C43: P000BMBG | D43: [영이공구특가 이벤트 상품] 도톤 포레스트 아웃도어 해충방지 스프레이 150ml | E43: 카페24_베럴즈 | F43: 92234241374 | G43: 2026-04-21 오후 2:09:30 | H43: 2026-04-21 오후 2:09:30 | I43: 수량=공구특가 1개 (25%할인) | J43: 1 | K43: ="정*운" -> 정*운 | L43: ="정*운" -> 정*운 | M43: 8809879544101 | N43: 도톤 포레스트 아웃도어 스프레이 150ml | O43: 1 | P43: 판매청구 | Q43: 정상판매 (공구) | R43: ="20260420-0000305" -> 20260420-0000305
A44: 도톤 | B44: 46133 | C44: P000BMBG | D44: [영이공구특가 이벤트 상품] 도톤 포레스트 아웃도어 해충방지 스프레이 150ml | E44: 카페24_베럴즈 | F44: 92234241363 | G44: 2026-04-21 오후 2:09:23 | H44: 2026-04-21 오후 2:09:23 | I44: 수량=공구특가 1개 (25%할인) | J44: 1 | K44: ="김*정" -> 김*정 | L44: ="김*정" -> 김*정 | M44: 8809879544101 | N44: 도톤 포레스트 아웃도어 스프레이 150ml | O44: 1 | P44: 판매청구 | Q44: 정상판매 (공구) | R44: ="20260420-0000310" -> 20260420-0000310
A45: 도톤 | B45: 46133 | C45: P000BMBG | D45: [영이공구특가 이벤트 상품] 도톤 포레스트 아웃도어 해충방지 스프레이 150ml | E45: 카페24_베럴즈 | F45: 92234241352 | G45: 2026-04-21 오후 2:09:26 | H45: 2026-04-21 오후 2:09:26 | I45: 수량=공구특가 1개 (25%할인) | J45: 1 | K45: ="홍*기" -> 홍*기 | L45: ="홍*기" -> 홍*기 | M45: 8809879544101 | N45: 도톤 포레스트 아웃도어 스프레이 150ml | O45: 1 | P45: 판매청구 | Q45: 정상판매 (공구) | R45: ="20260420-0000330" -> 20260420-0000330
A46: 도톤 | B46: 46133 | C46: P000BMBG | D46: [영이공구특가 이벤트 상품] 도톤 포레스트 아웃도어 해충방지 스프레이 150ml | E46: 카페24_베럴즈 | F46: 92234241315 | G46: 2026-04-21 오후 2:09:17 | H46: 2026-04-21 오후 2:09:17 | I46: 수량=공구특가 1개 (25%할인) | J46: 1 | K46: ="전*임" -> 전*임 | L46: ="전*임" -> 전*임 | M46: 8809879544101 | N46: 도톤 포레스트 아웃도어 스프레이 150ml | O46: 1 | P46: 판매청구 | Q46: 정상판매 (공구) | R46: ="20260421-0000042" -> 20260421-0000042
A47: 도톤 | B47: 46132 | C47: P000BMBG | D47: [영이공구특가 이벤트 상품] 도톤 포레스트 아웃도어 해충방지 스프레이 150ml | E47: 카페24_베럴즈 | F47: 92234216104 | G47: 2026-04-20 오후 3:27:25 | H47: 2026-04-20 오후 3:27:25 | I47: 수량=공구 2개세트 (32%할인) | J47: 1 | K47: ="엄*미" -> 엄*미 | L47: ="엄*미" -> 엄*미 | M47: 8809879544101 | N47: 도톤 포레스트 아웃도어 스프레이 150ml | O47: 2 | P47: 판매청구 | Q47: 정상판매 (공구) | R47: ="20260420-0000182" -> 20260420-0000182
A48: 도톤 | B48: 46132 | C48: P000BMBG | D48: [영이공구특가 이벤트 상품] 도톤 포레스트 아웃도어 해충방지 스프레이 150ml | E48: 카페24_베럴즈 | F48: 92234206153 | G48: 2026-04-20 오후 2:10:21 | H48: 2026-04-20 오후 2:10:21 | I48: 수량=공구 3개세트 (36%할인) | J48: 1 | K48: ="김*리" -> 김*리 | L48: ="김*리" -> 김*리 | M48: 8809879544101 | N48: 도톤 포레스트 아웃도어 스프레이 150ml | O48: 3 | P48: 판매청구 | Q48: 정상판매 (공구) | R48: ="20260420-0000093" -> 20260420-0000093
A49: 도톤 | B49: 46132 | C49: P000BMBG | D49: [영이공구특가 이벤트 상품] 도톤 포레스트 아웃도어 해충방지 스프레이 150ml | E49: 카페24_베럴즈 | F49: 92234205954 | G49: 2026-04-20 오후 2:09:14 | H49: 2026-04-20 오후 2:09:14 | I49: 수량=공구 2개세트 (32%할인) | J49: 1 | K49: ="홍*영" -> 홍*영 | L49: ="정*미" -> 정*미 | M49: 8809879544101 | N49: 도톤 포레스트 아웃도어 스프레이 150ml | O49: 2 | P49: 판매청구 | Q49: 정상판매 (공구) | R49: ="20260418-0000195" -> 20260418-0000195
A50: 도톤 | B50: 46132 | C50: P000BMBG | D50: [영이공구특가 이벤트 상품] 도톤 포레스트 아웃도어 해충방지 스프레이 150ml | E50: 카페24_베럴즈 | F50: 92234205943 | G50: 2026-04-20 오후 4:09:28 | H50: 2026-04-20 오후 4:09:28 | I50: 수량=공구 2개세트 (32%할인) | J50: 1 | K50: ="김*영" -> 김*영 | L50: ="김*영" -> 김*영 | M50: 8809879544101 | N50: 도톤 포레스트 아웃도어 스프레이 150ml | O50: 2 | P50: 판매청구 | Q50: 정상판매 (공구) | R50: ="20260419-0000013" -> 20260419-0000013
A51: 도톤 | B51: 46132 | C51: P000BMBG | D51: [영이공구특가 이벤트 상품] 도톤 포레스트 아웃도어 해충방지 스프레이 150ml | E51: 카페24_베럴즈 | F51: 92234205895 | G51: 2026-04-20 오후 2:09:12 | H51: 2026-04-20 오후 2:09:12 | I51: 수량=공구 2개세트 (32%할인) | J51: 1 | K51: ="황*나" -> 황*나 | L51: ="황*나" -> 황*나 | M51: 8809879544101 | N51: 도톤 포레스트 아웃도어 스프레이 150ml | O51: 2 | P51: 판매청구 | Q51: 정상판매 (공구) | R51: ="20260419-0000147" -> 20260419-0000147
A52: 도톤 | B52: 46132 | C52: P000BMBG | D52: [영이공구특가 이벤트 상품] 도톤 포레스트 아웃도어 해충방지 스프레이 150ml | E52: 카페24_베럴즈 | F52: 92234205884 | G52: 2026-04-20 오후 2:09:10 | H52: 2026-04-20 오후 2:09:10 | I52: 수량=공구 2개세트 (32%할인) | J52: 1 | K52: ="양*은" -> 양*은 | L52: ="양*은" -> 양*은 | M52: 8809879544101 | N52: 도톤 포레스트 아웃도어 스프레이 150ml | O52: 2 | P52: 판매청구 | Q52: 정상판매 (공구) | R52: ="20260419-0000166" -> 20260419-0000166
A53: 도톤 | B53: 46132 | C53: P000BMBG | D53: [영이공구특가 이벤트 상품] 도톤 포레스트 아웃도어 해충방지 스프레이 150ml | E53: 카페24_베럴즈 | F53: 92234205862 | G53: 2026-04-20 오후 2:15:00 | H53: 2026-04-20 오후 2:15:00 | I53: 수량=공구 3개세트 (36%할인) | J53: 1 | K53: ="조*영" -> 조*영 | L53: ="조*영" -> 조*영 | M53: 8809879544101 | N53: 도톤 포레스트 아웃도어 스프레이 150ml | O53: 3 | P53: 판매청구 | Q53: 정상판매 (공구) | R53: ="20260419-0000193" -> 20260419-0000193
A54: 도톤 | B54: 46132 | C54: P000BMBG | D54: [영이공구특가 이벤트 상품] 도톤 포레스트 아웃도어 해충방지 스프레이 150ml | E54: 카페24_베럴즈 | F54: 92234216163 | G54: 2026-04-20 오후 3:27:46 | H54: 2026-04-20 오후 3:27:46 | I54: 수량=공구특가 1개 (25%할인) | J54: 1 | K54: ="전*라" -> 전*라 | L54: ="전*라" -> 전*라 | M54: 8809879544101 | N54: 도톤 포레스트 아웃도어 스프레이 150ml | O54: 1 | P54: 판매청구 | Q54: 정상판매 (공구) | R54: ="20260420-0000171" -> 20260420-0000171
A55: 도톤 | B55: 46132 | C55: P000BMBG | D55: [영이공구특가 이벤트 상품] 도톤 포레스트 아웃도어 해충방지 스프레이 150ml | E55: 카페24_베럴즈 | F55: 92234216130 | G55: 2026-04-20 오후 3:27:44 | H55: 2026-04-20 오후 3:27:44 | I55: 수량=공구특가 1개 (25%할인) | J55: 1 | K55: ="고*미" -> 고*미 | L55: ="고*미" -> 고*미 | M55: 8809879544101 | N55: 도톤 포레스트 아웃도어 스프레이 150ml | O55: 1 | P55: 판매청구 | Q55: 정상판매 (공구) | R55: ="20260420-0000216" -> 20260420-0000216
A56: 도톤 | B56: 46132 | C56: P000BMBG | D56: [영이공구특가 이벤트 상품] 도톤 포레스트 아웃도어 해충방지 스프레이 150ml | E56: 카페24_베럴즈 | F56: 92234216126 | G56: 2026-04-20 오후 3:27:42 | H56: 2026-04-20 오후 3:27:42 | I56: 수량=공구특가 1개 (25%할인) | J56: 1 | K56: ="김*연" -> 김*연 | L56: ="김*연" -> 김*연 | M56: 8809879544101 | N56: 도톤 포레스트 아웃도어 스프레이 150ml | O56: 1 | P56: 판매청구 | Q56: 정상판매 (공구) | R56: ="20260420-0000227" -> 20260420-0000227
A57: 도톤 | B57: 46132 | C57: P000BMBG | D57: [영이공구특가 이벤트 상품] 도톤 포레스트 아웃도어 해충방지 스프레이 150ml | E57: 카페24_베럴즈 | F57: 92234206212 | G57: 2026-04-20 오후 2:10:52 | H57: 2026-04-20 오후 2:10:52 | I57: 수량=공구특가 1개 (25%할인) | J57: 1 | K57: ="문*원" -> 문*원 | L57: ="문*원" -> 문*원 | M57: 8809879544101 | N57: 도톤 포레스트 아웃도어 스프레이 150ml | O57: 1 | P57: 판매청구 | Q57: 정상판매 (공구) | R57: ="20260420-0000051" -> 20260420-0000051
A58: 도톤 | B58: 46132 | C58: P000BMBG | D58: [영이공구특가 이벤트 상품] 도톤 포레스트 아웃도어 해충방지 스프레이 150ml | E58: 카페24_베럴즈 | F58: 92234207306 | G58: 2026-04-20 오후 2:11:10 | H58: 2026-04-20 오후 2:11:10 | I58: 수량=공구특가 1개 (25%할인) | J58: 1 | K58: ="김*영" -> 김*영 | L58: ="김*영" -> 김*영 | M58: 8809879544101 | N58: 도톤 포레스트 아웃도어 스프레이 150ml | O58: 1 | P58: 판매청구 | Q58: 정상판매 (공구) | R58: ="20260418-0000052" -> 20260418-0000052
A59: 도톤 | B59: 46132 | C59: P000BMBG | D59: [영이공구특가 이벤트 상품] 도톤 포레스트 아웃도어 해충방지 스프레이 150ml | E59: 카페24_베럴즈 | F59: 92234207295 | G59: 2026-04-20 오후 2:11:06 | H59: 2026-04-20 오후 2:11:06 | I59: 수량=공구특가 1개 (25%할인) | J59: 1 | K59: ="이*린" -> 이*린 | L59: ="이*린" -> 이*린 | M59: 8809879544101 | N59: 도톤 포레스트 아웃도어 스프레이 150ml | O59: 1 | P59: 판매청구 | Q59: 정상판매 (공구) | R59: ="20260418-0000067" -> 20260418-0000067
A60: 도톤 | B60: 46132 | C60: P000BMBG | D60: [영이공구특가 이벤트 상품] 도톤 포레스트 아웃도어 해충방지 스프레이 150ml | E60: 카페24_베럴즈 | F60: 92234207284 | G60: 2026-04-20 오후 2:11:03 | H60: 2026-04-20 오후 2:11:03 | I60: 수량=공구특가 1개 (25%할인) | J60: 1 | K60: ="김*정" -> 김*정 | L60: ="K*********g" -> K*********g | M60: 8809879544101 | N60: 도톤 포레스트 아웃도어 스프레이 150ml | O60: 1 | P60: 판매청구 | Q60: 정상판매 (공구) | R60: ="20260418-0000102" -> 20260418-0000102
A61: 도톤 | B61: 46132 | C61: P000BMBG | D61: [영이공구특가 이벤트 상품] 도톤 포레스트 아웃도어 해충방지 스프레이 150ml | E61: 카페24_베럴즈 | F61: 92234206713 | G61: 2026-04-20 오후 2:10:59 | H61: 2026-04-20 오후 2:10:59 | I61: 수량=공구특가 1개 (25%할인) | J61: 1 | K61: ="허*은" -> 허*은 | L61: ="허*리" -> 허*리 | M61: 8809879544101 | N61: 도톤 포레스트 아웃도어 스프레이 150ml | O61: 1 | P61: 판매청구 | Q61: 정상판매 (공구) | R61: ="20260419-0000280" -> 20260419-0000280
A62: 도톤 | B62: 46132 | C62: P000BMBG | D62: [영이공구특가 이벤트 상품] 도톤 포레스트 아웃도어 해충방지 스프레이 150ml | E62: 카페24_베럴즈 | F62: 92234206702 | G62: 2026-04-20 오후 2:10:54 | H62: 2026-04-20 오후 2:10:54 | I62: 수량=공구특가 1개 (25%할인) | J62: 1 | K62: ="이*희" -> 이*희 | L62: ="이*희" -> 이*희 | M62: 8809879544101 | N62: 도톤 포레스트 아웃도어 스프레이 150ml | O62: 1 | P62: 판매청구 | Q62: 정상판매 (공구) | R62: ="20260419-0000357" -> 20260419-0000357
A63: 도톤 | B63: 46132 | C63: P25102716000203 | D63: [도톤] 포레스트 워터리스 풋클리너 강아지 발세정제 100ml (도톤 포레스트 워터리스 풋클리너) | E63: 마켓컬리 | F63: 92234206186 | G63: 2026-04-20 오후 2:10:46 | H63: 2026-04-20 오후 2:10:46 | I63: 도톤 포레스트 워터리스 풋클리너 | J63: 1 | K63: ="이*정" -> 이*정 | L63: ="이*정" -> 이*정 | M63: 8809879544118 | N63: 도톤 포레스트 워터리스 풋클리너 100ml | O63: 1 | P63: 판매청구 | Q63: 정상판매 | R63: ="2412513200056" -> 2412513200056
A64: 도톤 | B64: 46129 | C64: P000BMBG | D64: [영이공구특가 이벤트 상품] 도톤 포레스트 아웃도어 해충방지 스프레이 150ml | E64: 카페24_베럴즈 | F64: 92234140283 | G64: 2026-04-17 오후 2:42:57 | H64: 2026-04-17 오후 2:42:57 | I64: 수량=공구 2개세트 (32%할인) | J64: 1 | K64: ="김*정" -> 김*정 | L64: ="김*정" -> 김*정 | M64: 8809879544101 | N64: 도톤 포레스트 아웃도어 스프레이 150ml | O64: 2 | P64: 판매청구 | Q64: 정상판매 (공구) | R64: ="20260416-0000405" -> 20260416-0000405
A65: 도톤 | B65: 46129 | C65: P000BMBG | D65: [영이공구특가 이벤트 상품] 도톤 포레스트 아웃도어 해충방지 스프레이 150ml | E65: 카페24_베럴즈 | F65: 92234140272 | G65: 2026-04-17 오후 2:42:53 | H65: 2026-04-17 오후 2:42:53 | I65: 수량=공구 2개세트 (32%할인) | J65: 1 | K65: ="김*라" -> 김*라 | L65: ="김*라" -> 김*라 | M65: 8809879544101 | N65: 도톤 포레스트 아웃도어 스프레이 150ml | O65: 2 | P65: 판매청구 | Q65: 정상판매 (공구) | R65: ="20260416-0000495" -> 20260416-0000495
A66: 도톤 | B66: 46129 | C66: P000BMBG | D66: [영이공구특가 이벤트 상품] 도톤 포레스트 아웃도어 해충방지 스프레이 150ml | E66: 카페24_베럴즈 | F66: 92234140261 | G66: 2026-04-17 오후 2:43:49 | H66: 2026-04-17 오후 2:43:49 | I66: 수량=공구특가 1개 (25%할인) | J66: 1 | K66: ="김*은" -> 김*은 | L66: ="김*은" -> 김*은 | M66: 8809879544101 | N66: 도톤 포레스트 아웃도어 스프레이 150ml | O66: 1 | P66: 판매청구 | Q66: 정상판매 (공구) | R66: ="20260416-0000687" -> 20260416-0000687
A67: 도톤 | B67: 46129 | C67: P000BMBG | D67: [영이공구특가 이벤트 상품] 도톤 포레스트 아웃도어 해충방지 스프레이 150ml | E67: 카페24_베럴즈 | F67: 92234140471 | G67: 2026-04-17 오후 2:43:04 | H67: 2026-04-17 오후 2:43:04 | I67: 수량=공구특가 1개 (25%할인) | J67: 1 | K67: ="임*현" -> 임*현 | L67: ="임*현" -> 임*현 | M67: 8809879544101 | N67: 도톤 포레스트 아웃도어 스프레이 150ml | O67: 1 | P67: 판매청구 | Q67: 정상판매 (공구) | R67: ="20260416-0000516" -> 20260416-0000516
A68: 도톤 | B68: 46129 | C68: P000BMBG | D68: [영이공구특가 이벤트 상품] 도톤 포레스트 아웃도어 해충방지 스프레이 150ml | E68: 카페24_베럴즈 | F68: 92234140456 | G68: 2026-04-17 오후 2:43:07 | H68: 2026-04-17 오후 2:43:07 | I68: 수량=공구특가 1개 (25%할인) | J68: 1 | K68: ="예*" -> 예* | L68: ="예*" -> 예* | M68: 8809879544101 | N68: 도톤 포레스트 아웃도어 스프레이 150ml | O68: 1 | P68: 판매청구 | Q68: 정상판매 (공구) | R68: ="20260416-0000578" -> 20260416-0000578
A69: 도톤 | B69: 46129 | C69: P000BMBG | D69: [영이공구특가 이벤트 상품] 도톤 포레스트 아웃도어 해충방지 스프레이 150ml | E69: 카페24_베럴즈 | F69: 92234140390 | G69: 2026-04-17 오후 2:43:09 | H69: 2026-04-17 오후 2:43:09 | I69: 수량=공구특가 1개 (25%할인) | J69: 1 | K69: ="김*화" -> 김*화 | L69: ="김*화" -> 김*화 | M69: 8809879544101 | N69: 도톤 포레스트 아웃도어 스프레이 150ml | O69: 1 | P69: 판매청구 | Q69: 정상판매 (공구) | R69: ="20260417-0000066" -> 20260417-0000066
A70: 도톤 | B70: 46129 | C70: P000BMBG | D70: [영이공구특가 이벤트 상품] 도톤 포레스트 아웃도어 해충방지 스프레이 150ml | E70: 카페24_베럴즈 | F70: 92234140386 | G70: 2026-04-17 오후 2:43:17 | H70: 2026-04-17 오후 2:43:17 | I70: 수량=공구특가 1개 (25%할인) | J70: 1 | K70: ="김*영" -> 김*영 | L70: ="김*영" -> 김*영 | M70: 8809879544101 | N70: 도톤 포레스트 아웃도어 스프레이 150ml | O70: 1 | P70: 판매청구 | Q70: 정상판매 (공구) | R70: ="20260417-0000109" -> 20260417-0000109
A71: 도톤 | B71: 46129 | C71: P000BMBG | D71: [영이공구특가 이벤트 상품] 도톤 포레스트 아웃도어 해충방지 스프레이 150ml | E71: 카페24_베럴즈 | F71: 92234140375 | G71: 2026-04-17 오후 2:43:15 | H71: 2026-04-17 오후 2:43:15 | I71: 수량=공구특가 1개 (25%할인) | J71: 1 | K71: ="박*영" -> 박*영 | L71: ="박*영" -> 박*영 | M71: 8809879544101 | N71: 도톤 포레스트 아웃도어 스프레이 150ml | O71: 1 | P71: 판매청구 | Q71: 정상판매 (공구) | R71: ="20260417-0000170" -> 20260417-0000170
A72: 도톤 | B72: 46129 | C72: P000BMBG | D72: [영이공구특가 이벤트 상품] 도톤 포레스트 아웃도어 해충방지 스프레이 150ml | E72: 카페24_베럴즈 | F72: 92234140364 | G72: 2026-04-17 오후 2:43:12 | H72: 2026-04-17 오후 2:43:12 | I72: 수량=공구특가 1개 (25%할인) | J72: 1 | K72: ="박*영" -> 박*영 | L72: ="박*영" -> 박*영 | M72: 8809879544101 | N72: 도톤 포레스트 아웃도어 스프레이 150ml | O72: 1 | P72: 판매청구 | Q72: 정상판매 (공구) | R72: ="20260417-0000208" -> 20260417-0000208
A73: 도톤 | B73: 46129 | C73: P25102716000204 | D73: [도톤] 포레스트 아웃도어 스프레이 150ml 강아지 해충방지 진드기 (도톤 포레스트 아웃도어 스프레이) | E73: 마켓컬리 | F73: 92234140320 | G73: 2026-04-17 오후 2:43:20 | H73: 2026-04-17 오후 2:43:20 | I73: 도톤 포레스트 아웃도어 스프레이 | J73: 1 | K73: ="신*주" -> 신*주 | L73: ="신*주" -> 신*주 | M73: 8809879544101 | N73: 도톤 포레스트 아웃도어 스프레이 150ml | O73: 1 | P73: 판매청구 | Q73: 정상판매 | R73: ="2412314570095" -> 2412314570095
A74: 도톤 | B74: 46128 | C74: P000BMBG | D74: [영이공구특가 이벤트 상품] 도톤 포레스트 아웃도어 해충방지 스프레이 150ml | E74: 카페24_베럴즈 | F74: 92234100991 | G74: 2026-04-16 오후 3:00:21 | H74: 2026-04-16 오후 3:00:21 | I74: 수량=공구 2개세트 (32%할인) | J74: 1 | K74: ="이*주" -> 이*주 | L74: ="이*주" -> 이*주 | M74: 8809879544101 | N74: 도톤 포레스트 아웃도어 스프레이 150ml | O74: 2 | P74: 판매청구 | Q74: 정상판매 (공구) | R74: ="20260416-0000245" -> 20260416-0000245
A75: 도톤 | B75: 46128 | C75: P000BMBG | D75: [영이공구특가 이벤트 상품] 도톤 포레스트 아웃도어 해충방지 스프레이 150ml | E75: 카페24_베럴즈 | F75: 92234100980 | G75: 2026-04-16 오후 3:00:53 | H75: 2026-04-16 오후 3:00:53 | I75: 수량=공구 3개세트 (36%할인) | J75: 1 | K75: ="윤*라" -> 윤*라 | L75: ="윤*라" -> 윤*라 | M75: 8809879544101 | N75: 도톤 포레스트 아웃도어 스프레이 150ml | O75: 3 | P75: 판매청구 | Q75: 정상판매 (공구) | R75: ="20260416-0000250" -> 20260416-0000250
A76: 도톤 | B76: 46128 | C76: P000BMBG | D76: [영이공구특가 이벤트 상품] 도톤 포레스트 아웃도어 해충방지 스프레이 150ml | E76: 카페24_베럴즈 | F76: 92234100976 | G76: 2026-04-16 오후 3:00:17 | H76: 2026-04-16 오후 3:00:17 | I76: 수량=공구 2개세트 (32%할인) | J76: 1 | K76: ="정*연" -> 정*연 | L76: ="정*연" -> 정*연 | M76: 8809879544101 | N76: 도톤 포레스트 아웃도어 스프레이 150ml | O76: 2 | P76: 판매청구 | Q76: 정상판매 (공구) | R76: ="20260416-0000262" -> 20260416-0000262
A77: 도톤 | B77: 46128 | C77: P000BLYX | D77: 도톤 포레스트 워터리스 풋클리너 강아지 발세정제 100ml | E77: 카페24_베럴즈 | F77: 92234100965 | G77: 2026-04-16 오후 3:00:01 | H77: 2026-04-16 오후 3:00:02 | J77: 1 | K77: ="김*진" -> 김*진 | L77: ="김*진" -> 김*진 | M77: 8809879544118 | N77: 도톤 포레스트 워터리스 풋클리너 100ml | O77: 1 | P77: 판매청구 | Q77: 정상판매 | R77: ="20260416-0000272" -> 20260416-0000272
A78: 도톤 | B78: 46128 | C78: P000BLYY | D78: 도톤 포레스트 아웃도어 스프레이 150ml 강아지 해충방지 진드기 | E78: 카페24_베럴즈 | F78: 92234100965 | G78: 2026-04-16 오후 3:00:01 | H78: 2026-04-16 오후 3:00:02 | J78: 1 | K78: ="김*진" -> 김*진 | L78: ="김*진" -> 김*진 | M78: 8809879544101 | N78: 도톤 포레스트 아웃도어 스프레이 150ml | O78: 1 | P78: 판매청구 | Q78: 정상판매 | R78: ="20260416-0000272" -> 20260416-0000272
A79: 도톤 | B79: 46128 | C79: P000BMBG | D79: [영이공구특가 이벤트 상품] 도톤 포레스트 아웃도어 해충방지 스프레이 150ml | E79: 카페24_베럴즈 | F79: 92234100943 | G79: 2026-04-16 오후 3:00:13 | H79: 2026-04-16 오후 3:00:13 | I79: 수량=공구 2개세트 (32%할인) | J79: 1 | K79: ="최*경" -> 최*경 | L79: ="최*경" -> 최*경 | M79: 8809879544101 | N79: 도톤 포레스트 아웃도어 스프레이 150ml | O79: 2 | P79: 판매청구 | Q79: 정상판매 (공구) | R79: ="20260416-0000144" -> 20260416-0000144
A80: 도톤 | B80: 46128 | C80: P000BMBG | D80: [영이공구특가 이벤트 상품] 도톤 포레스트 아웃도어 해충방지 스프레이 150ml | E80: 카페24_베럴즈 | F80: 92234076340 | G80: 2026-04-16 오전 9:32:43 | H80: 2026-04-16 오전 9:32:43 | I80: 수량=공구 3개세트 (36%할인) | J80: 1 | K80: ="안*기" -> 안*기 | L80: ="안*기" -> 안*기 | M80: 8809879544101 | N80: 도톤 포레스트 아웃도어 스프레이 150ml | O80: 3 | P80: 판매청구 | Q80: 정상판매 (공구) | R80: ="20260415-0000403" -> 20260415-0000403
A81: 도톤 | B81: 46128 | C81: P000BMBG | D81: [영이공구특가 이벤트 상품] 도톤 포레스트 아웃도어 해충방지 스프레이 150ml | E81: 카페24_베럴즈 | F81: 92234076325 | G81: 2026-04-16 오전 9:32:17 | H81: 2026-04-16 오전 9:32:17 | I81: 수량=공구 2개세트 (32%할인) | J81: 1 | K81: ="한*선" -> 한*선 | L81: ="한*선" -> 한*선 | M81: 8809879544101 | N81: 도톤 포레스트 아웃도어 스프레이 150ml | O81: 2 | P81: 판매청구 | Q81: 정상판매 (공구) | R81: ="20260415-0000423" -> 20260415-0000423
A82: 도톤 | B82: 46128 | C82: P000BMBG | D82: [영이공구특가 이벤트 상품] 도톤 포레스트 아웃도어 해충방지 스프레이 150ml | E82: 카페24_베럴즈 | F82: 92234076314 | G82: 2026-04-16 오전 9:32:50 | H82: 2026-04-16 오전 9:32:50 | I82: 수량=공구 3개세트 (36%할인) | J82: 1 | K82: ="박*철" -> 박*철 | L82: ="박*철" -> 박*철 | M82: 8809879544101 | N82: 도톤 포레스트 아웃도어 스프레이 150ml | O82: 3 | P82: 판매청구 | Q82: 정상판매 (공구) | R82: ="20260415-0000431" -> 20260415-0000431
A83: 도톤 | B83: 46128 | C83: P000BMBG | D83: [영이공구특가 이벤트 상품] 도톤 포레스트 아웃도어 해충방지 스프레이 150ml | E83: 카페24_베럴즈 | F83: 92234076292 | G83: 2026-04-16 오전 9:36:46 | H83: 2026-04-16 오전 9:36:46 | I83: 수량=공구 2개세트 (32%할인) | J83: 1 | K83: ="이*영" -> 이*영 | L83: ="이*영" -> 이*영 | M83: 8809879544101 | N83: 도톤 포레스트 아웃도어 스프레이 150ml | O83: 2 | P83: 판매청구 | Q83: 정상판매 (공구) | R83: ="20260415-0000461" -> 20260415-0000461
A84: 도톤 | B84: 46128 | C84: P000BMBG | D84: [영이공구특가 이벤트 상품] 도톤 포레스트 아웃도어 해충방지 스프레이 150ml | E84: 카페24_베럴즈 | F84: 92234076281 | G84: 2026-04-16 오전 9:32:46 | H84: 2026-04-16 오전 9:32:46 | I84: 수량=공구 3개세트 (36%할인) | J84: 1 | K84: ="심*영" -> 심*영 | L84: ="전*웅" -> 전*웅 | M84: 8809879544101 | N84: 도톤 포레스트 아웃도어 스프레이 150ml | O84: 3 | P84: 판매청구 | Q84: 정상판매 (공구) | R84: ="20260415-0000472" -> 20260415-0000472
A85: 도톤 | B85: 46128 | C85: P000BMBG | D85: [영이공구특가 이벤트 상품] 도톤 포레스트 아웃도어 해충방지 스프레이 150ml | E85: 카페24_베럴즈 | F85: 92234076270 | G85: 2026-04-16 오전 9:32:14 | H85: 2026-04-16 오전 9:32:14 | I85: 수량=공구 2개세트 (32%할인) | J85: 1 | K85: ="손*은" -> 손*은 | L85: ="손*은" -> 손*은 | M85: 8809879544101 | N85: 도톤 포레스트 아웃도어 스프레이 150ml | O85: 2 | P85: 판매청구 | Q85: 정상판매 (공구) | R85: ="20260415-0000505" -> 20260415-0000505
A86: 도톤 | B86: 46128 | C86: P000BMBG | D86: [영이공구특가 이벤트 상품] 도톤 포레스트 아웃도어 해충방지 스프레이 150ml | E86: 카페24_베럴즈 | F86: 92234076222 | G86: 2026-04-16 오전 9:33:38 | H86: 2026-04-16 오전 9:33:38 | I86: 수량=공구특가 1개 (25%할인) | J86: 1 | K86: ="김*영" -> 김*영 | L86: ="김*영" -> 김*영 | M86: 8809879544101 | N86: 도톤 포레스트 아웃도어 스프레이 150ml | O86: 1 | P86: 판매청구 | Q86: 정상판매 (공구) | R86: ="20260415-0000641" -> 20260415-0000641
A87: 도톤 | B87: 46128 | C87: P000BMBG | D87: [영이공구특가 이벤트 상품] 도톤 포레스트 아웃도어 해충방지 스프레이 150ml | E87: 카페24_베럴즈 | F87: 92234076163 | G87: 2026-04-16 오전 9:32:11 | H87: 2026-04-16 오전 9:32:11 | I87: 수량=공구 2개세트 (32%할인) | J87: 1 | K87: ="정*희" -> 정*희 | L87: ="정*희" -> 정*희 | M87: 8809879544101 | N87: 도톤 포레스트 아웃도어 스프레이 150ml | O87: 2 | P87: 판매청구 | Q87: 정상판매 (공구) | R87: ="20260415-0000804" -> 20260415-0000804
A88: 도톤 | B88: 46128 | C88: P000BMBG | D88: [영이공구특가 이벤트 상품] 도톤 포레스트 아웃도어 해충방지 스프레이 150ml | E88: 카페24_베럴즈 | F88: 92234076152 | G88: 2026-04-16 오전 9:32:07 | H88: 2026-04-16 오전 9:32:07 | I88: 수량=공구 2개세트 (32%할인) | J88: 1 | K88: ="노*채" -> 노*채 | L88: ="노*채" -> 노*채 | M88: 8809879544101 | N88: 도톤 포레스트 아웃도어 스프레이 150ml | O88: 2 | P88: 판매청구 | Q88: 정상판매 (공구) | R88: ="20260415-0000811" -> 20260415-0000811
A89: 도톤 | B89: 46128 | C89: P000BMBG | D89: [영이공구특가 이벤트 상품] 도톤 포레스트 아웃도어 해충방지 스프레이 150ml | E89: 카페24_베럴즈 | F89: 92234076130 | G89: 2026-04-16 오전 9:32:00 | H89: 2026-04-16 오전 9:32:00 | I89: 수량=공구 2개세트 (32%할인) | J89: 1 | K89: ="심**미" -> 심**미 | L89: ="심**미" -> 심**미 | M89: 8809879544101 | N89: 도톤 포레스트 아웃도어 스프레이 150ml | O89: 2 | P89: 판매청구 | Q89: 정상판매 (공구) | R89: ="20260416-0000064" -> 20260416-0000064
A90: 도톤 | B90: 46128 | C90: P000BMBG | D90: [영이공구특가 이벤트 상품] 도톤 포레스트 아웃도어 해충방지 스프레이 150ml | E90: 카페24_베럴즈 | F90: 92234101083 | G90: 2026-04-16 오후 2:59:24 | H90: 2026-04-16 오후 2:59:24 | I90: 수량=공구특가 1개 (25%할인) | J90: 1 | K90: ="김*영" -> 김*영 | L90: ="김*영" -> 김*영 | M90: 8809879544101 | N90: 도톤 포레스트 아웃도어 스프레이 150ml | O90: 1 | P90: 판매청구 | Q90: 정상판매 (공구) | R90: ="20260416-0000357" -> 20260416-0000357
A91: 도톤 | B91: 46128 | C91: P000BMBG | D91: [영이공구특가 이벤트 상품] 도톤 포레스트 아웃도어 해충방지 스프레이 150ml | E91: 카페24_베럴즈 | F91: 92234101131 | G91: 2026-04-16 오후 2:59:33 | H91: 2026-04-16 오후 2:59:33 | I91: 수량=공구특가 1개 (25%할인) | J91: 1 | K91: ="강*혜" -> 강*혜 | L91: ="강*혜" -> 강*혜 | M91: 8809879544101 | N91: 도톤 포레스트 아웃도어 스프레이 150ml | O91: 1 | P91: 판매청구 | Q91: 정상판매 (공구) | R91: ="20260416-0000185" -> 20260416-0000185
A92: 도톤 | B92: 46128 | C92: P000BMBG | D92: [영이공구특가 이벤트 상품] 도톤 포레스트 아웃도어 해충방지 스프레이 150ml | E92: 카페24_베럴즈 | F92: 92234101094 | G92: 2026-04-16 오후 2:59:28 | H92: 2026-04-16 오후 2:59:28 | I92: 수량=공구특가 1개 (25%할인) | J92: 1 | K92: ="L******I" -> L******I | L92: ="쏘*네" -> 쏘*네 | M92: 8809879544101 | N92: 도톤 포레스트 아웃도어 스프레이 150ml | O92: 1 | P92: 판매청구 | Q92: 정상판매 (공구) | R92: ="20260416-0000235" -> 20260416-0000235
A93: 도톤 | B93: 46128 | C93: P000BMBG | D93: [영이공구특가 이벤트 상품] 도톤 포레스트 아웃도어 해충방지 스프레이 150ml | E93: 카페24_베럴즈 | F93: 92234076675 | G93: 2026-04-16 오전 9:31:23 | H93: 2026-04-16 오전 9:31:23 | I93: 수량=공구특가 1개 (25%할인) | J93: 1 | K93: ="최*" -> 최* | L93: ="최*" -> 최* | M93: 8809879544101 | N93: 도톤 포레스트 아웃도어 스프레이 150ml | O93: 1 | P93: 판매청구 | Q93: 정상판매 (공구) | R93: ="20260415-0000257" -> 20260415-0000257
A94: 도톤 | B94: 46128 | C94: P000BMBG | D94: [영이공구특가 이벤트 상품] 도톤 포레스트 아웃도어 해충방지 스프레이 150ml | E94: 카페24_베럴즈 | F94: 92234076642 | G94: 2026-04-16 오전 9:31:20 | H94: 2026-04-16 오전 9:31:20 | I94: 수량=공구특가 1개 (25%할인) | J94: 1 | K94: ="김*미" -> 김*미 | L94: ="김*미" -> 김*미 | M94: 8809879544101 | N94: 도톤 포레스트 아웃도어 스프레이 150ml | O94: 1 | P94: 판매청구 | Q94: 정상판매 (공구) | R94: ="20260415-0000285" -> 20260415-0000285
A95: 도톤 | B95: 46128 | C95: P000BMBG | D95: [영이공구특가 이벤트 상품] 도톤 포레스트 아웃도어 해충방지 스프레이 150ml | E95: 카페24_베럴즈 | F95: 92234076631 | G95: 2026-04-16 오전 9:31:18 | H95: 2026-04-16 오전 9:31:18 | I95: 수량=공구특가 1개 (25%할인) | J95: 1 | K95: ="엄*민" -> 엄*민 | L95: ="엄*민" -> 엄*민 | M95: 8809879544101 | N95: 도톤 포레스트 아웃도어 스프레이 150ml | O95: 1 | P95: 판매청구 | Q95: 정상판매 (공구) | R95: ="20260415-0000298" -> 20260415-0000298
A96: 도톤 | B96: 46128 | C96: P000BMBG | D96: [영이공구특가 이벤트 상품] 도톤 포레스트 아웃도어 해충방지 스프레이 150ml | E96: 카페24_베럴즈 | F96: 92234076583 | G96: 2026-04-16 오전 9:31:16 | H96: 2026-04-16 오전 9:31:16 | I96: 수량=공구특가 1개 (25%할인) | J96: 1 | K96: ="김*희" -> 김*희 | L96: ="김*수" -> 김*수 | M96: 8809879544101 | N96: 도톤 포레스트 아웃도어 스프레이 150ml | O96: 1 | P96: 판매청구 | Q96: 정상판매 (공구) | R96: ="20260415-0000522" -> 20260415-0000522
A97: 도톤 | B97: 46128 | C97: P000BMBG | D97: [영이공구특가 이벤트 상품] 도톤 포레스트 아웃도어 해충방지 스프레이 150ml | E97: 카페24_베럴즈 | F97: 92234076561 | G97: 2026-04-16 오전 9:31:10 | H97: 2026-04-16 오전 9:31:10 | I97: 수량=공구특가 1개 (25%할인) | J97: 1 | K97: ="윤*민" -> 윤*민 | L97: ="윤*민" -> 윤*민 | M97: 8809879544101 | N97: 도톤 포레스트 아웃도어 스프레이 150ml | O97: 1 | P97: 판매청구 | Q97: 정상판매 (공구) | R97: ="20260415-0000569" -> 20260415-0000569
A98: 도톤 | B98: 46128 | C98: P000BMBG | D98: [영이공구특가 이벤트 상품] 도톤 포레스트 아웃도어 해충방지 스프레이 150ml | E98: 카페24_베럴즈 | F98: 92234076550 | G98: 2026-04-16 오전 9:31:08 | H98: 2026-04-16 오전 9:31:08 | I98: 수량=공구특가 1개 (25%할인) | J98: 1 | K98: ="김*두" -> 김*두 | L98: ="김*두" -> 김*두 | M98: 8809879544101 | N98: 도톤 포레스트 아웃도어 스프레이 150ml | O98: 1 | P98: 판매청구 | Q98: 정상판매 (공구) | R98: ="20260415-0000585" -> 20260415-0000585
A99: 도톤 | B99: 46128 | C99: P000BMBG | D99: [영이공구특가 이벤트 상품] 도톤 포레스트 아웃도어 해충방지 스프레이 150ml | E99: 카페24_베럴즈 | F99: 92234076513 | G99: 2026-04-16 오전 9:30:44 | H99: 2026-04-16 오전 9:30:44 | I99: 수량=공구특가 1개 (25%할인) | J99: 1 | K99: ="정*희" -> 정*희 | L99: ="정*희" -> 정*희 | M99: 8809879544101 | N99: 도톤 포레스트 아웃도어 스프레이 150ml | O99: 1 | P99: 판매청구 | Q99: 정상판매 (공구) | R99: ="20260415-0000709" -> 20260415-0000709
A100: 도톤 | B100: 46128 | C100: P000BMBG | D100: [영이공구특가 이벤트 상품] 도톤 포레스트 아웃도어 해충방지 스프레이 150ml | E100: 카페24_베럴즈 | F100: 92234076432 | G100: 2026-04-16 오전 9:30:39 | H100: 2026-04-16 오전 9:30:39 | I100: 수량=공구특가 1개 (25%할인) | J100: 1 | K100: ="양*진" -> 양*진 | L100: ="양*진" -> 양*진 | M100: 8809879544101 | N100: 도톤 포레스트 아웃도어 스프레이 150ml | O100: 1 | P100: 판매청구 | Q100: 정상판매 (공구) | R100: ="20260416-0000029" -> 20260416-0000029
...

Sheet DB)카페24
A2: 집계기간: 26.4.1-4.30 | C2: 품목 | D2: 수량 | E2: 혜택적용 (프로모션 및 공구할인) | F2: 판매가격 | G2: 판매가합 | H2: 정가기준
A3: 기준: 배송완료 | C3: 풋클리너 판매수량 | D3: 8 | E3: 기본(봄산책할인전 -20%) | F3: =22000*80% -> 17600 | G3: =D3*F3 -> 140800 | H3: =22000*D3 -> 176000
C4: 스프레이 판매수량 | D4: 8 | E4: 기본(봄산책할인전 -20%) | F4: =22000*80% -> 17600 | G4: =D4*F4 -> 140800 | H4: =22000*D4 -> 176000
C5: 스프레이 공구판매 (1ea) | D5: 81 | E5: 1개단위 x 81 (-25%) | F5: =22000*(100-25)% -> 16500 | G5: =D5*F5 -> 1336500 | H5: =22000*D5 -> 1782000
C6: 스프레이 공구판매 (2ea) | D6: =54*2 -> 108 | E6: 2개단위 x 54 (-32%) | F6: =22000*(100-32)% -> 14960 | G6: =D6*F6 -> 1615680 | H6: =22000*D6 -> 2376000
C7: 스프레이 공구판매 (3ea) | D7: 66 | E7: 3개단위 x 22 (-36%) | F7: =22000*(100-36)% -> 14080 | G7: =D7*F7 -> 929280 | H7: =22000*D7 -> 1452000
C8: 합계 | D8: =SUBTOTAL(9,D3:D7) -> 271 | G8: =SUBTOTAL(9,G3:G7) -> 4163060 | H8: =SUBTOTAL(9,H3:H7) -> 5962000
A12: 주문일시 | B12: 주문번호 | C12: 수령인 | D12: 수량 | E12: 상품명(우프(기본)) | F12: 상품옵션(기본) | G12: 배송시작일 | H12: 배송완료일 | I12: 주문 상태 | J12: 비고
A13: 46117.961 | B13: 20260405-0000653 | C13: 이지은 | D13: 1 | E13: 도톤 포레스트 아웃도어 스프레이 150ml 강아지 해충방지 진드기 | F13: 봄산책기획전 (-20%) | G13: 46118.633 | H13: 46119.708 | I13: 배송 완료 | J13: 정상판매
A14: 46119.543 | B14: 20260407-0000171 | C14: 김혜란 | D14: 1 | E14: 도톤 포레스트 워터리스 풋클리너 강아지 발세정제 100ml | F14: 봄산책기획전 (-20%) | G14: 46120.536 | H14: 46121.6 | I14: 배송 완료 | J14: 정상판매
A15: 46120.808 | B15: 20260408-0000379 | C15: 유지현 | D15: 2 | E15: 도톤 포레스트 워터리스 풋클리너 강아지 발세정제 100ml | F15: 봄산책기획전 (-20%) | G15: 46121.554 | H15: 46122.641 | I15: 배송 완료 | J15: 정상판매
A16: 46120.808 | B16: 20260408-0000379 | C16: 유지현 | D16: 2 | E16: 도톤 포레스트 워터리스 풋클리너 강아지 발세정제 100ml | F16: 봄산책기획전 (-20%) | G16: 46121.554 | H16: 46122.641 | I16: 배송 완료 | J16: 정상판매
A17: 46124.596 | B17: 20260412-0000139 | C17: 정하원 | D17: 2 | E17: 도톤 포레스트 아웃도어 스프레이 150ml 강아지 해충방지 진드기 | F17: 봄산책기획전 (-20%) | G17: 46125.585 | H17: 46126.448 | I17: 배송 완료 | J17: 정상판매
A18: 46125.339 | B18: 20260413-0000052 | C18: 배문정 | E18: [영이공구특가 이벤트 상품] 도톤 포레스트 아웃도어 해충방지 스프레이 150ml | F18: 수량=공구특가 1개 (25%할인) | I18: 취소 완료
A19: 46125.375 | B19: 20260413-0000069 | C19: 성민영 | E19: [영이공구특가 이벤트 상품] 도톤 포레스트 아웃도어 해충방지 스프레이 150ml | F19: 수량=공구 3개세트 (35%할인) | I19: 취소 완료
A20: 46125.376 | B20: 20260413-0000075 | C20: 박유진 | D20: 1 | E20: [영이공구특가 이벤트 상품] 도톤 포레스트 아웃도어 해충방지 스프레이 150ml | F20: 수량=공구 3개세트 (36%할인) | G20: 46125.585 | H20: 46126.954 | I20: 배송 완료 | J20: 정상판매
A21: 46125.504 | B21: 20260413-0000156 | C21: 김진아 | E21: [영이공구특가 이벤트 상품] 도톤 포레스트 아웃도어 해충방지 스프레이 150ml | F21: 수량=공구특가 1개 (25%할인) | I21: 취소 완료
A22: 46125.527 | B22: 20260413-0000161 | C22: 이아람 | D22: 1 | E22: [영이공구특가 이벤트 상품] 도톤 포레스트 아웃도어 해충방지 스프레이 150ml | F22: 수량=공구특가 1개 (25%할인) | G22: 46125.678 | H22: 46127.302 | I22: 배송 완료 | J22: 정상판매
A23: 46125.528 | B23: 20260413-0000170 | C23: 이정은 | D23: 1 | E23: [영이공구특가 이벤트 상품] 도톤 포레스트 아웃도어 해충방지 스프레이 150ml | F23: 수량=공구 2개세트 (32%할인) | G23: 46125.678 | H23: 46126.791 | I23: 배송 완료 | J23: 정상판매
A24: 46125.532 | B24: 20260413-0000182 | C24: 성민영 | D24: 1 | E24: [영이공구특가 이벤트 상품] 도톤 포레스트 아웃도어 해충방지 스프레이 150ml | F24: 수량=공구 3개세트 (36%할인) | G24: 46125.586 | H24: 46126.722 | I24: 배송 완료 | J24: 정상판매
A25: 46125.541 | B25: 20260413-0000191 | C25: 김진아 | D25: 1 | E25: [영이공구특가 이벤트 상품] 도톤 포레스트 아웃도어 해충방지 스프레이 150ml | F25: 수량=공구특가 1개 (25%할인) | G25: 46125.678 | H25: 46133.124 | I25: 배송 완료 | J25: 정상판매
A26: 46125.545 | B26: 20260413-0000205 | C26: 현다예 | D26: 1 | E26: [영이공구특가 이벤트 상품] 도톤 포레스트 아웃도어 해충방지 스프레이 150ml | F26: 수량=공구특가 1개 (25%할인) | G26: 46125.679 | H26: 46130.56 | I26: 배송 완료 | J26: 정상판매
A27: 46125.545 | B27: 20260413-0000215 | C27: 김현정 | D27: 1 | E27: [영이공구특가 이벤트 상품] 도톤 포레스트 아웃도어 해충방지 스프레이 150ml | F27: 수량=공구 3개세트 (36%할인) | G27: 46125.679 | H27: 46129.707 | I27: 배송 완료 | J27: 정상판매
A28: 46125.565 | B28: 20260413-0000295 | C28: 임하영 | D28: 1 | E28: [영이공구특가 이벤트 상품] 도톤 포레스트 아웃도어 해충방지 스프레이 150ml | F28: 수량=공구 2개세트 (32%할인) | G28: 46125.679 | H28: 46129.647 | I28: 배송 완료 | J28: 정상판매
A29: 46125.566 | B29: 20260413-0000308 | C29: 정미희 | D29: 1 | E29: [영이공구특가 이벤트 상품] 도톤 포레스트 아웃도어 해충방지 스프레이 150ml | F29: 수량=공구특가 1개 (25%할인) | G29: 46125.679 | H29: 46127.982 | I29: 배송 완료 | J29: 정상판매
A30: 46125.57 | B30: 20260413-0000310 | C30: 임푸 | D30: 1 | E30: [영이공구특가 이벤트 상품] 도톤 포레스트 아웃도어 해충방지 스프레이 150ml | F30: 수량=공구 2개세트 (32%할인) | G30: 46125.679 | H30: 46126.503 | I30: 배송 완료 | J30: 정상판매
A31: 46125.592 | B31: 20260413-0000351 | C31: 배문정 | D31: 1 | E31: [영이공구특가 이벤트 상품] 도톤 포레스트 아웃도어 해충방지 스프레이 150ml | F31: 수량=공구특가 1개 (25%할인) | G31: 46125.594 | H31: 46127.64 | I31: 배송 완료 | J31: 정상판매
A32: 46125.605 | B32: 20260413-0000363 | C32: 장희진 | D32: 1 | E32: [영이공구특가 이벤트 상품] 도톤 포레스트 아웃도어 해충방지 스프레이 150ml | F32: 수량=공구 3개세트 (36%할인) | G32: 46126.664 | H32: 46127.85 | I32: 배송 완료 | J32: 정상판매
A33: 46125.605 | B33: 20260413-0000377 | C33: 성현정 | D33: 1 | E33: [영이공구특가 이벤트 상품] 도톤 포레스트 아웃도어 해충방지 스프레이 150ml | F33: 수량=공구특가 1개 (25%할인) | G33: 46126.664 | H33: 46128.666 | I33: 배송 완료 | J33: 정상판매
... A55: 46125.807 | B55: 20260413-0000654 | C55: 박은선 | D55: 1 | E55: [영이공구특가 이벤트 상품] 도톤 포레스트 아웃도어 해충방지 스프레이 150ml | F55: 수량=공구특가 1개 (25%할인) | G55: 46126.664 | H55: 46127.739 | I55: 배송 완료 | J55: 정상판매
A56: 46125.814 | B56: 20260413-0000660 | C56: 이상은 | D56: 1 | E56: 도톤 포레스트 아웃도어 스프레이 150ml 강아지 해충방지 진드기 | G56: 46126.664 | H56: 46127.459 | I56: 배송 완료 | J56: 정상판매
A57: 46125.821 | B57: 20260413-0000674 | C57: 김성원 | D57: 1 | E57: [영이공구특가 이벤트 상품] 도톤 포레스트 아웃도어 해충방지 스프레이 150ml | F57: 수량=공구특가 1개 (25%할인) | G57: 46126.664 | H57: 46129.414 | I57: 배송 완료 | J57: 정상판매
A58: 46125.83 | B58: 20260413-0000691 | C58: 이샛별 | D58: 1 | E58: [영이공구특가 이벤트 상품] 도톤 포레스트 아웃도어 해충방지 스프레이 150ml | F58: 수량=공구특가 1개 (25%할인) | G58: 46126.664 | H58: 46133.36 | I58: 배송 완료 | J58: 정상판매
A59: 46125.832 | B59: 20260413-0000717 | C59: 강설아 | D59: 1 | E59: [영이공구특가 이벤트 상품] 도톤 포레스트 아웃도어 해충방지 스프레이 150ml | F59: 수량=공구특가 1개 (25%할인) | G59: 46126.664 | H59: 46130.459 | I59: 배송 완료 | J59: 정상판매
A60: 46125.845 | B60: 20260413-0000772 | C60: 장민애 | D60: 1 | E60: [영이공구특가 이벤트 상품] 도톤 포레스트 아웃도어 해충방지 스프레이 150ml | F60: 수량=공구특가 1개 (25%할인) | G60: 46126.664 | H60: 46130.506 | I60: 배송 완료 | J60: 정상판매
A61: 46125.88 | B61: 20260413-0000807 | C61: 최다은 | D61: 1 | E61: [영이공구특가 이벤트 상품] 도톤 포레스트 아웃도어 해충방지 스프레이 150ml | F61: 수량=공구특가 1개 (25%할인) | G61: 46126.664 | H61: 46131.638 | I61: 배송 완료 | J61: 정상판매
A62: 46125.898 | B62: 20260413-0000822 | C62: 서예리 | D62: 1 | E62: [영이공구특가 이벤트 상품] 도톤 포레스트 아웃도어 해충방지 스프레이 150ml | F62: 수량=공구 3개세트 (36%할인) | G62: 46126.664 | H62: 46127.643 | I62: 배송 완료 | J62: 정상판매
A63: 46125.899 | B63: 20260413-0000837 | C63: 임애희 | D63: 1 | E63: [영이공구특가 이벤트 상품] 도톤 포레스트 아웃도어 해충방지 스프레이 150ml | F63: 수량=공구특가 1개 (25%할인) | G63: 46126.664 | H63: 46129.75 | I63: 배송 완료 | J63: 정상판매
A64: 46125.905 | B64: 20260413-0000840 | C64: 정다원 | D64: 1 | E64: [영이공구특가 이벤트 상품] 도톤 포레스트 아웃도어 해충방지 스프레이 150ml | F64: 수량=공구 2개세트 (32%할인) | G64: 46126.664 | H64: 46127.488 | I64: 배송 완료 | J64: 정상판매
A65: 46125.912 | B65: 20260413-0000853 | C65: 주레오 | D65: 1 | E65: [영이공구특가 이벤트 상품] 도톤 포레스트 아웃도어 해충방지 스프레이 150ml | F65: 수량=공구 3개세트 (36%할인) | G65: 46126.664 | H65: 46131.539 | I65: 배송 완료 | J65: 정상판매
A66: 46125.923 | B66: 20260413-0000869 | C66: 김민주 | D66: 1 | E66: [영이공구특가 이벤트 상품] 도톤 포레스트 아웃도어 해충방지 스프레이 150ml | F66: 수량=공구특가 1개 (25%할인) | G66: 46126.664 | H66: 46135.107 | I66: 배송 완료 | J66: 정상판매
A67: 46125.953 | B67: 20260413-0000893 | C67: 임유정 | D67: 1 | E67: [영이공구특가 이벤트 상품] 도톤 포레스트 아웃도어 해충방지 스프레이 150ml | F67: 수량=공구 2개세트 (32%할인) | G67: 46126.664 | H67: 46130.478 | I67: 배송 완료 | J67: 정상판매
A68: 46125.971 | B68: 20260413-0000909 | C68: 임예린 | D68: 1 | E68: [영이공구특가 이벤트 상품] 도톤 포레스트 아웃도어 해충방지 스프레이 150ml | F68: 수량=공구특가 1개 (25%할인) | G68: 46126.664 | H68: 46130.685 | I68: 배송 완료 | J68: 정상판매
... A90: 46127.316 | B90: 20260415-0000121 | C90: 최윤주 | D90: 1 | E90: [영이공구특가 이벤트 상품] 도톤 포레스트 아웃도어 해충방지 스프레이 150ml | F90: 수량=공구특가 1개 (25%할인) | G90: 46127.774 | H90: 46131.718 | I90: 배송 완료 | J90: 정상판매
A91: 46127.32 | B91: 20260415-0000140 | C91: 임수현 | E91: [영이공구특가 이벤트 상품] 도톤 포레스트 아웃도어 해충방지 스프레이 150ml | F91: 수량=공구특가 1개 (25%할인) | I91: 취소 완료
A92: 46127.359 | B92: 20260415-0000168 | C92: 황정순 | D92: 1 | E92: [영이공구특가 이벤트 상품] 도톤 포레스트 아웃도어 해충방지 스프레이 150ml | F92: 수량=공구특가 1개 (25%할인) | G92: 46127.773 | H92: 46128.582 | I92: 배송 완료 | J92: 정상판매
A93: 46127.427 | B93: 20260415-0000257 | C93: 최란 | D93: 1 | E93: [영이공구특가 이벤트 상품] 도톤 포레스트 아웃도어 해충방지 스프레이 150ml | F93: 수량=공구특가 1개 (25%할인) | G93: 46128.637 | H93: 46137.109 | I93: 배송 완료 | J93: 정상판매
A94: 46127.459 | B94: 20260415-0000285 | C94: 김현미 | D94: 1 | E94: [영이공구특가 이벤트 상품] 도톤 포레스트 아웃도어 해충방지 스프레이 150ml | F94: 수량=공구특가 1개 (25%할인) | G94: 46128.637 | H94: 46129.722 | I94: 배송 완료 | J94: 정상판매
A95: 46127.485 | B95: 20260415-0000298 | C95: 엄지민 | D95: 1 | E95: [영이공구특가 이벤트 상품] 도톤 포레스트 아웃도어 해충방지 스프레이 150ml | F95: 수량=공구특가 1개 (25%할인) | G95: 46128.636 | H95: 46129.581 | I95: 배송 완료 | J95: 정상판매
A96: 46127.544 | B96: 20260415-0000403 | C96: 안슬기 | D96: 1 | E96: [영이공구특가 이벤트 상품] 도톤 포레스트 아웃도어 해충방지 스프레이 150ml | F96: 수량=공구 3개세트 (36%할인) | G96: 46128.636 | H96: 46129.71 | I96: 배송 완료 | J96: 정상판매
A97: 46127.56 | B97: 20260415-0000423 | C97: 한윤선 | D97: 1 | E97: [영이공구특가 이벤트 상품] 도톤 포레스트 아웃도어 해충방지 스프레이 150ml | F97: 수량=공구 2개세트 (32%할인) | G97: 46128.637 | H97: 46137.09 | I97: 배송 완료 | J97: 정상판매
A98: 46127.567 | B98: 20260415-0000431 | C98: 박진철 | D98: 1 | E98: [영이공구특가 이벤트 상품] 도톤 포레스트 아웃도어 해충방지 스프레이 150ml | F98: 수량=공구 3개세트 (36%할인) | G98: 46128.637 | H98: 46129.769 | I98: 배송 완료 | J98: 정상판매
A99: 46127.604 | B99: 20260415-0000461 | C99: 이주영 | D99: 1 | E99: [영이공구특가 이벤트 상품] 도톤 포레스트 아웃도어 해충방지 스프레이 150ml | F99: 수량=공구 2개세트 (32%할인) | G99: 46128.636 | H99: 46129.82 | I99: 배송 완료 | J99: 정상판매
A100: 46127.605 | B100: 20260415-0000472 | C100: 전철웅 | D100: 1 | E100: [영이공구특가 이벤트 상품] 도톤 포레스트 아웃도어 해충방지 스프레이 150ml | F100: 수량=공구 3개세트 (36%할인) | G100: 46128.637 | H100: 46132.843 | I100: 배송 완료 | J100: 정상판매
A101: 46127.619 | B101: 20260415-0000505 | C101: 손영은 | D101: 1 | E101: [영이공구특가 이벤트 상품] 도톤 포레스트 아웃도어 해충방지 스프레이 150ml | F101: 수량=공구 2개세트 (32%할인) | G101: 46128.637 | H101: 46132.957 | I101: 배송 완료 | J101: 정상판매
A102: 46127.627 | B102: 20260415-0000522 | C102: 김형수 | D102: 1 | E102: [영이공구특가 이벤트 상품] 도톤 포레스트 아웃도어 해충방지 스프레이 150ml | F102: 수량=공구특가 1개 (25%할인) | G102: 46128.637 | H102: 46137.089 | I102: 배송 완료 | J102: 정상판매
A103: 46127.635 | B103: 20260415-0000569 | C103: 윤정민 | D103: 1 | E103: [영이공구특가 이벤트 상품] 도톤 포레스트 아웃도어 해충방지 스프레이 150ml | F103: 수량=공구특가 1개 (25%할인) | G103: 46128.637 | H103: 46129.535 | I103: 배송 완료 | J103: 정상판매
... A106: 46127.81 | B106: 20260415-0000709 | C106: 정선희 | D106: 1 | E106: [영이공구특가 이벤트 상품] 도톤 포레스트 아웃도어 해충방지 스프레이 150ml | F106: 수량=공구특가 1개 (25%할인) | G106: 46128.637 | H106: 46137.107 | I106: 배송 완료 | J106: 정상판매
A107: 46127.934 | B107: 20260415-0000767 | C107: 정미희 | E107: [영이공구특가 이벤트 상품] 도톤 포레스트 아웃도어 해충방지 스프레이 150ml | F107: 수량=공구특가 1개 (25%할인) | I107: 취소 완료
A108: 46127.951 | B108: 20260415-0000804 | C108: 정미희 | D108: 1 | E108: [영이공구특가 이벤트 상품] 도톤 포레스트 아웃도어 해충방지 스프레이 150ml | F108: 수량=공구 2개세트 (32%할인) | G108: 46128.636 | H108: 46129.598 | I108: 배송 완료 | J108: 정상판매
A109: 46127.964 | B109: 20260415-0000811 | C109: 노영채 | D109: 1 | E109: [영이공구특가 이벤트 상품] 도톤 포레스트 아웃도어 해충방지 스프레이 150ml | F109: 수량=공구 2개세트 (32%할인) | G109: 46128.637 | H109: 46129.492 | I109: 배송 완료 | J109: 정상판매
A110: 46128.092 | B110: 20260416-0000029 | C110: 양여진 | D110: 1 | E110: [영이공구특가 이벤트 상품] 도톤 포레스트 아웃도어 해충방지 스프레이 150ml | F110: 수량=공구특가 1개 (25%할인) | G110: 46128.636 | H110: 46129.543 | I110: 배송 완료 | J110: 정상판매
A111: 46128.343 | B111: 20260416-0000064 | C111: 심보라미 | D111: 1 | E111: [영이공구특가 이벤트 상품] 도톤 포레스트 아웃도어 해충방지 스프레이 150ml | F111: 수량=공구 2개세트 (32%할인) | G111: 46128.637 | H111: 46137.109 | I111: 배송 완료 | J111: 정상판매
A112: 46128.403 | B112: 20260416-0000144 | C112: 최수경 | D112: 1 | E112: [영이공구특가 이벤트 상품] 도톤 포레스트 아웃도어 해충방지 스프레이 150ml | F112: 수량=공구 2개세트 (32%할인) | G112: 46128.637 | H112: 46132.745 | I112: 배송 완료 | J112: 정상판매
A113: 46128.427 | B113: 20260416-0000185 | C113: 강지혜 | D113: 1 | E113: [영이공구특가 이벤트 상품] 도톤 포레스트 아웃도어 해충방지 스프레이 150ml | F113: 수량=공구특가 1개 (25%할인) | G113: 46128.637 | H113: 46130.27 | I113: 배송 완료 | J113: 정상판매
A114: 46128.472 | B114: 20260416-0000235 | C114: 쏘동네 | D114: 1 | E114: [영이공구특가 이벤트 상품] 도톤 포레스트 아웃도어 해충방지 스프레이 150ml | F114: 수량=공구특가 1개 (25%할인) | G114: 46128.636 | H114: 46129.643 | I114: 배송 완료 | J114: 정상판매
A115: 46128.476 | B115: 20260416-0000245 | C115: 이은주 | D115: 1 | E115: [영이공구특가 이벤트 상품] 도톤 포레스트 아웃도어 해충방지 스프레이 150ml | F115: 수량=공구 2개세트 (32%할인) | G115: 46128.637 | H115: 46130.398 | I115: 배송 완료 | J115: 정상판매
A116: 46128.477 | B116: 20260416-0000250 | C116: 윤미라 | D116: 1 | E116: [영이공구특가 이벤트 상품] 도톤 포레스트 아웃도어 해충방지 스프레이 150ml | F116: 수량=공구 3개세트 (36%할인) | G116: 46128.637 | H116: 46130.003 | I116: 배송 완료 | J116: 정상판매
A117: 46128.489 | B117: 20260416-0000262 | C117: 정혜연 | D117: 1 | E117: [영이공구특가 이벤트 상품] 도톤 포레스트 아웃도어 해충방지 스프레이 150ml | F117: 수량=공구 2개세트 (32%할인) | G117: 46128.637 | H117: 46129.67 | I117: 배송 완료 | J117: 정상판매
A118: 46128.493 | B118: 20260416-0000272 | C118: 김민진 | D118: 1 | E118: 도톤 포레스트 아웃도어 스프레이 150ml 강아지 해충방지 진드기 | G118: 46128.636 | H118: 46129.432 | I118: 배송 완료 | J118: 정상판매
A119: 46128.493 | B119: 20260416-0000272 | C119: 김민진 | D119: 1 | E119: 도톤 포레스트 워터리스 풋클리너 강아지 발세정제 100ml | G119: 46128.636 | H119: 46129.432 | I119: 배송 완료 | J119: 정상판매
A120: 46128.59 | B120: 20260416-0000357 | C120: 김윤영 | D120: 1 | E120: [영이공구특가 이벤트 상품] 도톤 포레스트 아웃도어 해충방지 스프레이 150ml | F120: 수량=공구특가 1개 (25%할인) | G120: 46128.637 | H120: 46137.089 | I120: 배송 완료 | J120: 정상판매
A121: 46128.627 | B121: 20260416-0000405 | C121: 김민정 | D121: 1 | E121: [영이공구특가 이벤트 상품] 도톤 포레스트 아웃도어 해충방지 스프레이 150ml | F121: 수량=공구 2개세트 (32%할인) | G121: 46129.64 | H121: 46130.702 | I121: 배송 완료 | J121: 정상판매
A122: 46128.77 | B122: 20260416-0000495 | C122: 김아라 | D122: 1 | E122: [영이공구특가 이벤트 상품] 도톤 포레스트 아웃도어 해충방지 스프레이 150ml | F122: 수량=공구 2개세트 (32%할인) | G122: 46129.64 | H122: 46138.082 | I122: 배송 완료 | J122: 정상판매
A123: 46128.781 | B123: 20260416-0000516 | C123: 임수현 | D123: 1 | E123: [영이공구특가 이벤트 상품] 도톤 포레스트 아웃도어 해충방지 스프레이 150ml | F123: 수량=공구특가 1개 (25%할인) | G123: 46129.64 | H123: 46138.082 | I123: 배송 완료 | J123: 정상판매
A124: 46128.877 | B124: 20260416-0000578 | C124: 예진 | D124: 1 | E124: [영이공구특가 이벤트 상품] 도톤 포레스트 아웃도어 해충방지 스프레이 150ml | F124: 수량=공구특가 1개 (25%할인) | G124: 46129.639 | H124: 46130.487 | I124: 배송 완료 | J124: 정상판매
A125: 46128.947 | B125: 20260416-0000687 | C125: 김정은 | D125: 1 | E125: [영이공구특가 이벤트 상품] 도톤 포레스트 아웃도어 해충방지 스프레이 150ml | F125: 수량=공구특가 1개 (25%할인) | G125: 46129.639 | H125: 46130.653 | I125: 배송 완료 | J125: 정상판매
A126: 46129.096 | B126: 20260417-0000066 | C126: 김병화 | D126: 1 | E126: [영이공구특가 이벤트 상품] 도톤 포레스트 아웃도어 해충방지 스프레이 150ml | F126: 수량=공구특가 1개 (25%할인) | G126: 46129.64 | H126: 46133.872 | I126: 배송 완료 | J126: 정상판매
A127: 46129.309 | B127: 20260417-0000109 | C127: 김혜영 | D127: 1 | E127: [영이공구특가 이벤트 상품] 도톤 포레스트 아웃도어 해충방지 스프레이 150ml | F127: 수량=공구특가 1개 (25%할인) | G127: 46129.64 | H127: 46135.859 | I127: 배송 완료 | J127: 정상판매
A128: 46129.408 | B128: 20260417-0000170 | C128: 박지영 | D128: 1 | E128: [영이공구특가 이벤트 상품] 도톤 포레스트 아웃도어 해충방지 스프레이 150ml | F128: 수량=공구특가 1개 (25%할인) | G128: 46129.639 | H128: 46130.576 | I128: 배송 완료 | J128: 정상판매
A129: 46129.479 | B129: 20260417-0000208 | C129: 박진영 | D129: 1 | E129: [영이공구특가 이벤트 상품] 도톤 포레스트 아웃도어 해충방지 스프레이 150ml | F129: 수량=공구특가 1개 (25%할인) | G129: 46129.64 | H129: 46138.099 | I129: 배송 완료 | J129: 정상판매
A130: 46130.386 | B130: 20260418-0000052 | C130: 김나영 | D130: 1 | E130: [영이공구특가 이벤트 상품] 도톤 포레스트 아웃도어 해충방지 스프레이 150ml | F130: 수량=공구특가 1개 (25%할인) | G130: 46132.618 | H130: 46141.165 | I130: 배송 완료 | J130: 정상판매
A131: 46130.439 | B131: 20260418-0000067 | C131: 이서린 | D131: 1 | E131: [영이공구특가 이벤트 상품] 도톤 포레스트 아웃도어 해충방지 스프레이 150ml | F131: 수량=공구특가 1개 (25%할인) | G131: 46132.618 | H131: 46141.135 | I131: 배송 완료 | J131: 정상판매
... A139: 46131.99 | B139: 20260419-0000357 | C139: 이민희 | D139: 1 | E139: [영이공구특가 이벤트 상품] 도톤 포레스트 아웃도어 해충방지 스프레이 150ml | F139: 수량=공구특가 1개 (25%할인) | G139: 46132.618 | H139: 46136.058 | I139: 배송 완료 | J139: 정상판매
A140: 46132.003 | B140: 20260420-0000019 | C140: 엄유미 | E140: [영이공구특가 이벤트 상품] 도톤 포레스트 아웃도어 해충방지 스프레이 150ml | F140: 수량=공구 2개세트 (32%할인) | I140: 취소 완료
A141: 46132.057 | B141: 20260420-0000045 | C141: 김하연 | E141: [영이공구특가 이벤트 상품] 도톤 포레스트 아웃도어 해충방지 스프레이 150ml | F141: 수량=공구특가 1개 (25%할인) | I141: 취소 완료
A142: 46132.307 | B142: 20260420-0000051 | C142: 문채원 | D142: 1 | E142: [영이공구특가 이벤트 상품] 도톤 포레스트 아웃도어 해충방지 스프레이 150ml | F142: 수량=공구특가 1개 (25%할인) | G142: 46132.618 | H142: 46141.134 | I142: 배송 완료 | J142: 정상판매
A143: 46132.404 | B143: 20260420-0000093 | C143: 김유리 | D143: 1 | E143: [영이공구특가 이벤트 상품] 도톤 포레스트 아웃도어 해충방지 스프레이 150ml | F143: 수량=공구 3개세트 (36%할인) | G143: 46132.618 | H143: 46141.133 | I143: 배송 완료 | J143: 정상판매
A144: 46132.494 | B144: 20260420-0000171 | C144: 전나라 | D144: 1 | E144: [영이공구특가 이벤트 상품] 도톤 포레스트 아웃도어 해충방지 스프레이 150ml | F144: 수량=공구특가 1개 (25%할인) | G144: 46132.698 | H144: 46133.716 | I144: 배송 완료 | J144: 정상판매
A145: 46132.497 | B145: 20260420-0000182 | C145: 엄유미 | D145: 1 | E145: [영이공구특가 이벤트 상품] 도톤 포레스트 아웃도어 해충방지 스프레이 150ml | F145: 수량=공구 2개세트 (32%할인) | G145: 46132.699 | H145: 46141.196 | I145: 배송 완료 | J145: 정상판매
A146: 46132.556 | B146: 20260420-0000216 | C146: 고수미 | D146: 1 | E146: [영이공구특가 이벤트 상품] 도톤 포레스트 아웃도어 해충방지 스프레이 150ml | F146: 수량=공구특가 1개 (25%할인) | G146: 46132.699 | H146: 46141.161 | I146: 배송 완료 | J146: 정상판매
A147: 46132.562 | B147: 20260420-0000227 | C147: 김하연 | D147: 1 | E147: [영이공구특가 이벤트 상품] 도톤 포레스트 아웃도어 해충방지 스프레이 150ml | F147: 수량=공구특가 1개 (25%할인) | G147: 46132.699 | H147: 46141.199 | I147: 배송 완료 | J147: 정상판매
A148: 46132.653 | B148: 20260420-0000258 | C148: 김희주 | D148: 1 | E148: [영이공구특가 이벤트 상품] 도톤 포레스트 아웃도어 해충방지 스프레이 150ml | F148: 수량=공구특가 1개 (25%할인) | G148: 46133.644 | H148: 46134.667 | I148: 배송 완료 | J148: 정상판매
A149: 46132.853 | B149: 20260420-0000305 | C149: 정다운 | D149: 1 | E149: [영이공구특가 이벤트 상품] 도톤 포레스트 아웃도어 해충방지 스프레이 150ml | F149: 수량=공구특가 1개 (25%할인) | G149: 46133.644 | H149: 46134.81 | I149: 배송 완료 | J149: 정상판매
A150: 46132.905 | B150: 20260420-0000310 | C150: 김현정 | D150: 1 | E150: [영이공구특가 이벤트 상품] 도톤 포레스트 아웃도어 해충방지 스프레이 150ml | F150: 수량=공구특가 1개 (25%할인) | G150: 46133.644 | H150: 46142.124 | I150: 배송 완료 | J150: 정상판매
A151: 46132.966 | B151: 20260420-0000330 | C151: 홍준기 | D151: 1 | E151: [영이공구특가 이벤트 상품] 도톤 포레스트 아웃도어 해충방지 스프레이 150ml | F151: 수량=공구특가 1개 (25%할인) | G151: 46133.644 | H151: 46136.799 | I151: 배송 완료 | J151: 정상판매
A152: 46133.317 | B152: 20260421-0000042 | C152: 전희임 | D152: 1 | E152: [영이공구특가 이벤트 상품] 도톤 포레스트 아웃도어 해충방지 스프레이 150ml | F152: 수량=공구특가 1개 (25%할인) | G152: 46133.644 | H152: 46142.124 | I152: 배송 완료 | J152: 정상판매
A153: 46133.414 | B153: 20260421-0000069 | C153: 최정순 | D153: 1 | E153: [영이공구특가 이벤트 상품] 도톤 포레스트 아웃도어 해충방지 스프레이 150ml | F153: 수량=공구 2개세트 (32%할인) | G153: 46133.644 | H153: 46134.779 | I153: 배송 완료 | J153: 정상판매
... A171: 46135.936 | B171: 20260423-0000261 | C171: 김규희 | D171: 1 | E171: [영이공구특가 이벤트 상품] 도톤 포레스트 아웃도어 해충방지 스프레이 150ml | F171: 수량=공구 2개세트 (32%할인) | G171: 46136.622 | H171: 46143.549 | I171: 배송 완료 | J171: 정상판매
A172: 46136.316 | B172: 20260424-0000043 | C172: 이슬기 | D172: 1 | E172: 도톤 포레스트 워터리스 풋클리너 강아지 발세정제 100ml | G172: 46136.622 | H172: 46137.514 | I172: 배송 완료 | J172: 정상판매
...

Sheet DB)스마트스토어
A1: 상품주문번호 | B1: 주문번호 | C1: 구매확정일 | D1: 판매채널 | E1: 주문상태 | F1: 구매자명 | G1: 구매자ID | H1: 수취인명 | I1: 발송처리일 | J1: 배송방법 | K1: 택배사 | L1: 송장번호 | M1: 배송완료일 | N1: 상품번호 | O1: 상품명 | P1: 상품종류 | Q1: 옵션정보 | R1: 수량 | S1: 상품가격 | T1: 옵션가격 | U1: 최종 상품별 할인액 | V1: 판매자 부담 할인액 | W1: 최종 상품별 총 주문금액 | X1: 판매자 상품코드 | Y1: 판매자 내부코드1 | Z1: 판매자 내부코드2 | AA1: 배송비 묶음번호 | AB1: 배송비 형태 | AC1: 배송비 유형 | AD1: 배송비 합계 | AE1: 제주/도서 추가배송비 | AF1: 배송비 할인액 | AG1: 결제일 | AH1: 결제수단 | AI1: 결제위치 | AJ1: 네이버페이 주문관리 수수료 | AK1: 매출연동 수수료 | AL1: 정산예정금액
A2: 2026042516531611 | B2: 2026042577184211 | C2: 46141.266 | D2: 스마트스토어 | E2: 구매확정 | F2: 김민주 | G2: min_****** | H2: 김민주 | I2: 46139.657 | J2: 택배,등기,소포 | K2: 로젠택배 | L2: 92234417634 | M2: 46140.661 | N2: 12423379709 | O2: 도톤 포레스트 아웃도어 스프레이 150ml 강아지 해충방지 진드기 | P2: 단일상품 | R2: 2 | S2: 22000 | T2: 0 | U2: 4400 | V2: 4400 | W2: 39600 | AA2: 2026042520644564 | AB2: 무료 | AC2: 무료 | AD2: 0 | AE2: 0 | AF2: 0 | AG2: 46137.307 | AH2: 신용카드 간편결제 | AI2: MOBILE | AJ2: -1080 | AK2: -396 | AL2: 38124
A3: 2026041567896181 | B3: 2026041581973751 | C3: 46131.369 | D3: 스마트스토어 | E3: 구매확정 | F3: 유정님 | G3: sin0****** | H3: 유정님 | I3: 46127.795 | J3: 택배,등기,소포 | K3: 로젠택배 | L3: 91970180540 | M3: 46128.673 | N3: 12423379709 | O3: 도톤 포레스트 아웃도어 스프레이 150ml 강아지 해충방지 진드기 | P3: 단일상품 | R3: 1 | S3: 22000 | T3: 0 | U3: 100 | V3: 100 | W3: 21900 | AA3: 2026041584299342 | AB3: 무료 | AC3: 무료 | AD3: 0 | AE3: 0 | AF3: 0 | AG3: 46127.406 | AH3: 신용카드 간편결제 | AI3: MOBILE | AJ3: -597 | AK3: -219 | AL3: 21084
O7: 집계: 26.4.1 - 4.30 (구매확정 기준)
O9: 상품 | P9: 합계수량 | Q9: 정상가계 | R9: 혜택 | S9: 판매가계
O10: 도톤 포레스트 아웃도어 스프레이 150ml | P10: 3 | Q10: =22000*P10 -> 66000 | R10: 20%할인(봄산책) | S10: =22000*80%*P10 -> 52800
O11: 도톤 포레스트 워터리스 풋클리너 100ml | P11: 0 | Q11: =22000*P11 -> 0 | S11: =22000*R11 -> 0
O12: total | P12: =SUM(P10:P11) -> 3 | Q12: =SUM(Q10:Q11) -> 66000 | S12: =SUM(S10:S11) -> 52800

Sheet DB) 행사

Sheet DB)사업자몰B2B
A1: 주문일시 | B1: 주문번호 | C1: 수령인 | D1: 수량 | E1: 상품명(우프(기본)) | F1: 상품옵션(기본) | G1: 배송시작일 | H1: 배송완료일 | I1: 주문자 휴대전화 끝자리
C5: 실판매수량 | D5: =SUM(D2:D4) -> 0
C6: 판매정가 | D6: 22000
C7: 소매점공급가 | D7: =D6*60% -> 13200
C8: 합계 | D8: =D5*D7 -> 0

Sheet DB)이마트몰리스
A1: 이마트(몰리스하남) 4월 판매집계
A2: 점포코드 | B2: 업태코드 | C2: 업태명 | D2: 점포명 | E2: 업체코드 | F2: 업체명 | G2: 상품코드 | H2: 상품명 | I2: 납품일자 | J2: 발주일자 | K2: 문서번호 | L2: 납품구분 | M2: 발주량 | N2: 납품량 | O2: 발주금액 | P2: 납품금액 | Q2: 원가 | R2: 매입구분 | S2: 센터코드 | T2: 센터명 | U2: LOT | V2: 매입형태 | W2: 매입구분명 | X2: 원상품코드
A3: 5304 | B3: 1100 | C3: 이마트 | D3: 몰리스STF하남점 | E3: 1610931 | F3: 우프컴퍼니 | G3: 8809879544101 | H3: 도톤 포레스트 아웃도어 스프레이 150ml | I3: 20260408 | J3: 20260408 | K3: 6089858022 | L3: 직납 | M3: 1 | N3: 1 | O3: 14000 | P3: 14000 | Q3: 14000 | R3: 59 | S3: 5304 | T3: 몰리스STF하남점 | U3: 1 | V3: 정상 | W3: 특행/배달
A4: 5304 | B4: 1100 | C4: 이마트 | D4: 몰리스STF하남점 | E4: 1610931 | F4: 우프컴퍼니 | G4: 8809879544101 | H4: 도톤 포레스트 아웃도어 스프레이 150ml | I4: 20260406 | J4: 20260406 | K4: 6089771110 | L4: 직납 | M4: 1 | N4: 1 | O4: 14000 | P4: 14000 | Q4: 14000 | R4: 59 | S4: 5304 | T4: 몰리스STF하남점 | U4: 1 | V4: 정상 | W4: 특행/배달
A5: 5304 | B5: 1100 | C5: 이마트 | D5: 몰리스STF하남점 | E5: 1610931 | F5: 우프컴퍼니 | G5: 8809879544118 | H5: 도톤 포레스트 워터리스 풋클리너 100ml | I5: 20260406 | J5: 20260406 | K5: 6089779677 | L5: 직납 | M5: 1 | N5: 1 | O5: 14000 | P5: 14000 | Q5: 14000 | R5: 59 | S5: 5304 | T5: 몰리스STF하남점 | U5: 1 | V5: 정상 | W5: 특행/배달
L10: 품목 | M10: 수량합계 | N10: 정가 | O10: 공급가(부가세포함) | P10: 공급가합
L11: 도톤 포레스트 아웃도어 스프레이 150ml | M11: 2 | N11: 22000 | O11: =14000+1400 -> 15400 | P11: =M11*O11 -> 30800
L12: 도톤 포레스트 워터리스 풋클리너 100ml | M12: 1 | N12: 22000 | O12: =14000+1400 -> 15400 | P12: =M12*O12 -> 15400
L13: 합계 | M13: =SUM(M11:M12) -> 3 | P13: =SUM(P11:P12) -> 46200

Sheet DB) 컬리
A1: 컬리 4월
A2: 집계: 구매확정 기준
A3: 개별주문번호 | B3: 대표주문번호 | C3: 주문상태 | D3: 주문일시 | E3: 상품번호 | F3: 상품명 | G3: 옵션명 | H3: 옵션번호 | I3: 딜코드 | J3: 판매자코드 | K3: 권장소비자가 | L3: 판매가 | M3: 수량 | N3: 주문금액 | O3: 택배사 | P3: 운송장번호 | Q3: 주문자명 | R3: 수취인명 | S3: 배송유형 | T3: 발주확인일 | U3: 발송처리일 | V3: 배송완료일 | W3: 예약확정일 | X3: 예약일 | Y3: 설치사용완료일 | Z3: 구매확정일 | AA3: 픽업시작일 | AB3: 픽업종료일 | AC3: 픽업매장 | AD3: 미픽업반송대상 | AE3: 개인통관고유번호 | AF3: 상품ID | AG3: 주문ID
A4: 1775124314002 | B4: 2410919050047 | C4: 구매확정 | D4: 2026-04-02T19:05:14 | E4: P25102716000204 | F4: [도톤] 포레스트 아웃도어 스프레이 150ml 강아지 해충방지 진드기 (도톤 포레스트 아웃도어 스프레이) | G4: 도톤 포레스트 아웃도어 스프레이 | H4: P251027160002040001 | I4: 1001772676 | K4: 22000 | L4: 22000 | M4: 1 | N4: 22000 | O4: 로젠택배 | P4: 92233662684 | Q4: 김*희 | R4: 김*희 | S4: 택배 | T4: 2026-04-03T14:02:24 | U4: 2026-04-03T15:23:58 | V4: 2026-04-04T09:16:52 | Z4: 2026-04-11T04:01:32 | AF4: 1132897 | AG4: 19876386
A5: 1776319059005 | B5: 2412314570095 | C5: 구매확정 | D5: 2026-04-16T14:57:40 | E5: P25102716000204 | F5: [도톤] 포레스트 아웃도어 스프레이 150ml 강아지 해충방지 진드기 (도톤 포레스트 아웃도어 스프레이) | G5: 도톤 포레스트 아웃도어 스프레이 | H5: P251027160002040001 | I5: 1001772676 | K5: 22000 | L5: 22000 | M5: 1 | N5: 22000 | O5: 로젠택배 | P5: 92234140320 | Q5: 신*주 | R5: 신*주 | S5: 택배 | T5: 2026-04-17T13:46:36 | U5: 2026-04-17T15:24:13 | V5: 2026-04-18T12:04:56 | Z5: 2026-04-25T04:01:31 | AF5: 1132897 | AG5: 20321745
A6: 1776486033003 | B6: 2412513200056 | C6: 구매확정 | D6: 2026-04-18T13:20:34 | E6: P25102716000203 | F6: [도톤] 포레스트 워터리스 풋클리너 강아지 발세정제 100ml (도톤 포레스트 워터리스 풋클리너) | G6: 도톤 포레스트 워터리스 풋클리너 | H6: P251027160002030001 | I6: 1001772679 | K6: 22000 | L6: 22000 | M6: 1 | N6: 22000 | O6: 로젠택배 | P6: 92234206186 | Q6: 이*정 | R6: 이*정 | S6: 택배 | T6: 2026-04-20T10:22:56 | U6: 2026-04-20T14:51:54 | V6: 2026-04-21T18:41:43 | Z6: 2026-04-28T04:00:41 | AF6: 1132896 | AG6: 20376328
K8: 합계 | L8: 22000 | M8: =SUM(M4:M6) -> 3 | N8: =L8*M8 -> 66000

Sheet DB)쿠팡로켓
A1: 구분 | B1: 번호 | C1: SKU번호 | D1: SKU명 | E1: 입고/반출시각 | F1: 물류센터 | G1: 세금타입 | H1: 수량 | I1: 단가 | J1: 공급가액 | K1: 세액 | L1: 총단가 | M1: 총공급가액 | N1: 총세액 | O1: 계산서번호 | P1: 지급일
I7: 수수료율 | J7: 0.37

Sheet DB)철수마켓
A2: 채널명 | B2: 주문번호 | C2: 상품주문번호 | D2: 구분 | E2: 상품명 | F2: 수량 | G2: 구매자명 | H2: 결제금액
E3: 판매없음
G5: 판매수수료(25%) | H5: =H3*25% -> 0
G6: 정산금액 | H6: =H3-H5 -> 0

Sheet DB)몽슈슈
B1: 4월 판매내역
A2: 순번 | B2: 제품 | C2: 상품코드 | D2: 소비자가 | E2: 공급가 | F2: 재고 | G2: 입고 | H2: 반송 | I2: 판매 | J2: 월말재고 | K2: 판매합계
A3: 1 | B3: DOTEON Foot Cleaner | C3: BT25DTFC | D3: 22000 | E3: 13200 | F3: 19 | G3: 0 | I3: 13 | J3: =F3+G3-H3-I3 -> 6 | K3: =E3*I3 -> 171600
A4: 2 | B4: DOTEON Outdoor Spray | C4: BT25OS | D4: 22000 | E4: 13200 | F4: 15 | G4: 5 | I4: 14 | J4: =F4+G4-H4-I4 -> 6 | K4: =E4*I4 -> 184800
I5: =SUM(I3:I4) -> 27 | K5: =SUM(K3:K4) -> 356400
B8: 합계
B9: 4월 브랜드세일 20% (양사 10%씩 부담)
B10: 제품 | C10: 정상가 | D10: 공급가 | E10: 수량 | F10: 판매계 | G10: 혜택공제 | H10: 정산계
B11: DOTEON Foot Cleaner | C11: 22000 | D11: 13200 | E11: 13 | F11: =D11*E11 -> 171600 | G11: =F11*10% -> 17160 | H11: =F11-G11 -> 154440
B12: DOTEON Outdoor Spray | C12: 22000 | D12: 13200 | E12: 14 | F12: =D12*E12 -> 184800 | G12: =F12*10% -> 18480 | H12: =F12-G12 -> 166320
E13: =SUM(E11:E12) -> 27 | F13: =SUM(F11:F12) -> 356400 | G13: =SUM(G11:G12) -> 35640 | H13: =SUM(H11:H12) -> 320760
